[{
        "model": "academics.employee",
        "pk": 1,
        "fields": {
            "employeeID": "EMP003453",
            "personalEmail": "mukesh@gmail.com",
            "universityEmail": "mukesh.kalla@spsu.ac.in",
            "Name": "mukesh kalla",
            "Dob": "2021-05-26",
            "Doj": "2021-05-26"
        }
    },
    {
        "model": "academics.employee",
        "pk": 2,
        "fields": {
            "employeeID": "EMP003214",
            "personalEmail": "harish@gmail.com",
            "universityEmail": "harish.tiwari@spsu.ac.in",
            "Name": "harish tiwari",
            "Dob": "2021-05-26",
            "Doj": "2021-05-26"
        }
    },
    {
        "model": "academics.employee",
        "pk": 3,
        "fields": {
            "employeeID": "EMP009543",
            "personalEmail": "arun@gmail.com",
            "universityEmail": "arun.kumar@spsu.ac.in",
            "Name": "arun kumar",
            "Dob": "2021-05-26",
            "Doj": "2021-05-26"
        }
    },
    {
        "model": "academics.employee",
        "pk": 4,
        "fields": {
            "employeeID": "EMP003593",
            "personalEmail": "shrihari@gmail.com",
            "universityEmail": "shrihari.honwad@spsu.ac.in",
            "Name": "Srihari Honwad",
            "Dob": "2021-05-26",
            "Doj": "2021-05-26"
        }
    },
    {
        "model": "academics.employee",
        "pk": 5,
        "fields": {
            "employeeID": "EMP004523",
            "personalEmail": "poonam@gmail.com",
            "universityEmail": "poonam.saini@spsu.ac.in",
            "Name": "poonam saini",
            "Dob": "2021-05-26",
            "Doj": "2021-05-26"
        }
    },
    {
        "model": "academics.employee",
        "pk": 6,
        "fields": {
            "employeeID": "EMP003928",
            "personalEmail": "naveen.kumar@gmail.com",
            "universityEmail": "naveen.kumar@spsu.ac.in",
            "Name": "Naveen Kumar",
            "Dob": "2021-06-16",
            "Doj": "2021-06-16"
        }
    },
    {
        "model": "academics.employee",
        "pk": 7,
        "fields": {
            "employeeID": "EMP003929",
            "personalEmail": "lalit.yadav@gmail.com",
            "universityEmail": "lalit.yadav@spsu.ac.in",
            "Name": "lalit yadav",
            "Dob": "2021-06-16",
            "Doj": "2021-06-16"
        }
    },
    {
        "model": "academics.stud_details",
        "pk": 1,
        "fields": {
            "EnrollmentNumber": "18CS002096",
            "FullName": "Aniket",
            "Department": 1,
            "program": 1,
            "BatchYear": "2018",
            "UniversityEmailID": "aniket.vyas@spsu.ac.in",
            "PersonalEmailID": "aniketvyas@gmail.com",
            "Phone": 9876123423,
            "currentSemester": 6,
            "StreetAddress": "ewjlfwe,vegr24",
            "District": "blah",
            "State": "blah",
            "PinCode": 313324,
            "LastQualification": "12"
        }
    },
    {
        "model": "academics.stud_details",
        "pk": 2,
        "fields": {
            "EnrollmentNumber": "18CS002095",
            "FullName": "Aman",
            "Department": 1,
            "program": 1,
            "BatchYear": "2018",
            "UniversityEmailID": "aman.ojha@spsu.ac.in",
            "PersonalEmailID": "amanojhamail@gmail.com",
            "Phone": 9876543212,
            "currentSemester": 6,
            "StreetAddress": "qwertyuiop asdfghjkl zxcvbnm, 12345678",
            "District": "qwertyuio",
            "State": "poiuyt",
            "PinCode": 313324,
            "LastQualification": "12"
        }
    },
    {
        "model": "academics.stud_details",
        "pk": 3,
        "fields": {
            "EnrollmentNumber": "17CS002341",
            "FullName": "Abhishek",
            "Department": 1,
            "program": 1,
            "BatchYear": "2017",
            "UniversityEmailID": "abhishek.gupta@spsu.ac.in",
            "PersonalEmailID": "abhishek@gmail.com",
            "Phone": 9876543231,
            "currentSemester": 8,
            "StreetAddress": "qwertyuiop",
            "District": "wertyui",
            "State": "yhfnv",
            "PinCode": 876567,
            "LastQualification": "12"
        }
    },
    {
        "model": "academics.stud_details",
        "pk": 4,
        "fields": {
            "EnrollmentNumber": "17CS002986",
            "FullName": "Utkarsh",
            "Department": 1,
            "program": 1,
            "BatchYear": "2017",
            "UniversityEmailID": "utkarsh.dadhich@spsu.ac.in",
            "PersonalEmailID": "utkarsh@gmail.com",
            "Phone": 912345678,
            "currentSemester": 8,
            "StreetAddress": "poiuytreydgwh",
            "District": "bdsycbskdb",
            "State": "bcyugbfljkb",
            "PinCode": 936279,
            "LastQualification": "12"
        }
    },
    {
        "model": "academics.stud_details",
        "pk": 5,
        "fields": {
            "EnrollmentNumber": "20CS003414",
            "FullName": "Devesh",
            "Department": 1,
            "program": 1,
            "BatchYear": "2020`",
            "UniversityEmailID": "devesh.ranjan@spsu.ac.in",
            "PersonalEmailID": "devesh@gmail.com",
            "Phone": 9876543212,
            "currentSemester": 4,
            "StreetAddress": "poiuytrewwq adfhjkvndbvhb",
            "District": "fneuibg",
            "State": "fhevr",
            "PinCode": 47283,
            "LastQualification": "12"
        }
    },
    {
        "model": "academics.stud_details",
        "pk": 6,
        "fields": {
            "EnrollmentNumber": "20CS009834",
            "FullName": "Saurabh",
            "Department": 1,
            "program": 2,
            "BatchYear": "2020",
            "UniversityEmailID": "saurabh.sharma@spsu.ac.in",
            "PersonalEmailID": "saurabh@gmail.com",
            "Phone": 9876543212,
            "currentSemester": 4,
            "StreetAddress": "wieuyrwpeuir wierhiefb bcdbid",
            "District": "vycugl bld",
            "State": "bfyuevfb bcqiy",
            "PinCode": 421987,
            "LastQualification": "BTech"
        }
    },
    {
        "model": "academics.stud_details",
        "pk": 7,
        "fields": {
            "EnrollmentNumber": "21ME002314",
            "FullName": "Kunal Bohra",
            "Department": 2,
            "program": 1,
            "BatchYear": "2021-2024",
            "UniversityEmailID": "kunal.bohra@spsu.ac.in",
            "PersonalEmailID": "kunal@gmail.com",
            "Phone": 9876543212,
            "currentSemester": 1,
            "StreetAddress": "qwerty",
            "District": "qwerty",
            "State": "qwerty",
            "PinCode": 31324,
            "LastQualification": "12"
        }
    },
    {
        "model": "academics.school",
        "pk": 1,
        "fields": {
            "name": "school of engineering",
            "dean": 3,
            "status": true,
            "createdOn": "2021-05-26T08:21:08.645Z"
        }
    },
    {
        "model": "academics.program",
        "pk": 1,
        "fields": {
            "name": "B.Tech",
            "school": 1,
            "totalSemester": 8,
            "status": true,
            "createdOn": "2021-05-26T08:30:17.194Z"
        }
    },
    {
        "model": "academics.program",
        "pk": 2,
        "fields": {
            "name": "Masters of Technology",
            "school": 1,
            "totalSemester": 4,
            "status": true,
            "createdOn": "2021-05-27T04:31:08.209Z"
        }
    },
    {
        "model": "academics.subjects",
        "pk": 1,
        "fields": {
            "subjectCode": "CS-1034",
            "subjectName": "introduction to c programming",
            "LessonPlan": "media/16_k_bad.pdf",
            "Semester": 6,
            "TaughtBy": 2,
            "Credit": "4",
            "Department": 1
        }
    },
    {
        "model": "academics.subjects",
        "pk": 2,
        "fields": {
            "subjectCode": "CS-1432",
            "subjectName": "introduction to java programming",
            "LessonPlan": "media/3755a661-b53a-4fd7-a259-2e7ec390aa12.jfif",
            "Semester": 1,
            "TaughtBy": 2,
            "Credit": "4",
            "Department": 1
        }
    },
    {
        "model": "academics.subjects",
        "pk": 3,
        "fields": {
            "subjectCode": "CS-2314",
            "subjectName": "introduction to golang",
            "LessonPlan": "media/dbCreds.txt",
            "Semester": 6,
            "TaughtBy": 1,
            "Credit": "4",
            "Department": 1
        }
    },
    {
        "model": "academics.subjects",
        "pk": 4,
        "fields": {
            "subjectCode": "CSE-4175",
            "subjectName": "Computer Networks",
            "LessonPlan": "media/CC_Lect1_2.pptx",
            "Semester": 4,
            "TaughtBy": 2,
            "Credit": "3",
            "Department": 1
        }
    },
    {
        "model": "academics.subjects",
        "pk": 5,
        "fields": {
            "subjectCode": "ME-1789",
            "subjectName": "Machine Design",
            "LessonPlan": "media/db.sqlite3",
            "Semester": 1,
            "TaughtBy": 3,
            "Credit": "5",
            "Department": 2
        }
    },
    {
        "model": "academics.lectureenrollment",
        "pk": 1,
        "fields": {
            "lecture": 1,
            "student": 1
        }
    },
    {
        "model": "academics.lectureenrollment",
        "pk": 2,
        "fields": {
            "lecture": 3,
            "student": 1
        }
    },
    {
        "model": "academics.lectureenrollment",
        "pk": 3,
        "fields": {
            "lecture": 1,
            "student": 2
        }
    },
    {
        "model": "academics.lectureenrollment",
        "pk": 4,
        "fields": {
            "lecture": 3,
            "student": 2
        }
    },
    {
        "model": "academics.lectureenrollment",
        "pk": 9,
        "fields": {
            "lecture": 4,
            "student": 5
        }
    },
    {
        "model": "academics.lectureenrollment",
        "pk": 10,
        "fields": {
            "lecture": 5,
            "student": 7
        }
    },
    {
        "model": "academics.faculty",
        "pk": 1,
        "fields": {
            "FacultyID": 2,
            "Department": 1
        }
    },
    {
        "model": "academics.faculty",
        "pk": 2,
        "fields": {
            "FacultyID": 5,
            "Department": 1
        }
    },
    {
        "model": "academics.faculty",
        "pk": 3,
        "fields": {
            "FacultyID": 7,
            "Department": 2
        }
    },
    {
        "model": "academics.department",
        "pk": 1,
        "fields": {
            "DepartmentID": "CSE",
            "DepartmentName": "computer science engineering",
            "HeadOfDepartment": 1,
            "SpecializedCourse": false,
            "StartDate": "2021-05-26",
            "School": 1,
            "Status": true
        }
    },
    {
        "model": "academics.department",
        "pk": 2,
        "fields": {
            "DepartmentID": "ME",
            "DepartmentName": "Mecahinical Engineering",
            "HeadOfDepartment": 6,
            "SpecializedCourse": false,
            "StartDate": "2021-06-16",
            "School": 1,
            "Status": true
        }
    },
    {
        "model": "academics.modes",
        "pk": 1,
        "fields": {
            "name": "quiz",
            "createdOn": "2021-06-22T18:07:29.076Z",
            "updatedOn": "2021-06-22T18:07:29.076Z"
        }
    },
    {
        "model": "academics.modes",
        "pk": 2,
        "fields": {
            "name": "Home Assignment",
            "createdOn": "2021-06-23T04:36:37.785Z",
            "updatedOn": "2021-06-23T04:36:37.785Z"
        }
    },
    {
        "model": "academics.modes",
        "pk": 3,
        "fields": {
            "name": "Class Assignment",
            "createdOn": "2021-06-23T04:37:08.215Z",
            "updatedOn": "2021-06-23T04:37:08.215Z"
        }
    },
    {
        "model": "academics.weightage",
        "pk": 1,
        "fields": {
            "mode": 1,
            "subjects": 1,
            "percentage": "5",
            "assignedBy": 2,
            "validTill": "2021-06-22",
            "assignedOn": "2021-06-22T18:09:20Z"
        }
    },
    {
        "model": "academics.weightage",
        "pk": 2,
        "fields": {
            "mode": 2,
            "subjects": 1,
            "percentage": "5",
            "assignedBy": 2,
            "validTill": "2021-06-23",
            "assignedOn": "2021-06-23T04:36:56Z"
        }
    },
    {
        "model": "academics.weightage",
        "pk": 3,
        "fields": {
            "mode": 3,
            "subjects": 1,
            "percentage": "10",
            "assignedBy": 2,
            "validTill": "2021-06-23",
            "assignedOn": "2021-06-23T04:37:17Z"
        }
    },
    {
        "model": "academics.quizinfo",
        "pk": 8,
        "fields": {
            "name": "first quiz",
            "quizDate": "2021-06-03",
            "quizStartTime": "00:22:00",
            "quizEndTime": "00:22:00",
            "duration": 10,
            "subject": 1
        }
    },
    {
        "model": "academics.quizinfo",
        "pk": 10,
        "fields": {
            "name": "second quiz",
            "quizDate": "2021-06-03",
            "quizStartTime": "15:33:00",
            "quizEndTime": "16:44:00",
            "duration": 0,
            "subject": 1
        }
    },
    {
        "model": "academics.quizinfo",
        "pk": 11,
        "fields": {
            "name": "test by poonam",
            "quizDate": "2021-06-17",
            "quizStartTime": "15:44:00",
            "quizEndTime": "16:55:00",
            "duration": 0,
            "subject": 2
        }
    },
    {
        "model": "academics.quizinfo",
        "pk": 12,
        "fields": {
            "name": "third quiz",
            "quizDate": "2021-09-16",
            "quizStartTime": "15:44:00",
            "quizEndTime": "16:55:00",
            "duration": 10,
            "subject": 1
        }
    },
    {
        "model": "academics.quizquestions",
        "pk": 24,
        "fields": {
            "quiz": 8,
            "question": "a",
            "questionType": "MCQ",
            "option1": "a",
            "option2": "a",
            "option3": "a",
            "option4": "a",
            "correctOption": "a"
        }
    },
    {
        "model": "academics.quizquestions",
        "pk": 25,
        "fields": {
            "quiz": 8,
            "question": "b",
            "questionType": "MCQ",
            "option1": "b",
            "option2": "b",
            "option3": "b",
            "option4": "b",
            "correctOption": "d"
        }
    },
    {
        "model": "academics.quizquestions",
        "pk": 26,
        "fields": {
            "quiz": 8,
            "question": "gelchodi kon h?",
            "questionType": "MCQ",
            "option1": "poonam saini",
            "option2": "sheena kohli",
            "option3": "chandini",
            "option4": "monika",
            "correctOption": "poonam saini"
        }
    },
    {
        "model": "academics.quizquestions",
        "pk": 27,
        "fields": {
            "quiz": 8,
            "question": "kalla is ",
            "questionType": "typenat",
            "option1": "",
            "option2": "",
            "option3": "",
            "option4": "",
            "correctOption": "gandu"
        }
    },
    {
        "model": "academics.quizquestions",
        "pk": 28,
        "fields": {
            "quiz": 8,
            "question": "ashutosh is",
            "questionType": "typenat",
            "option1": "",
            "option2": "",
            "option3": "",
            "option4": "",
            "correctOption": "gandu"
        }
    },
    {
        "model": "academics.quizquestions",
        "pk": 34,
        "fields": {
            "quiz": 10,
            "question": "qwerty",
            "questionType": "typenat",
            "option1": "",
            "option2": "",
            "option3": "",
            "option4": "",
            "correctOption": "@123"
        }
    },
    {
        "model": "academics.quizquestions",
        "pk": 35,
        "fields": {
            "quiz": 10,
            "question": "qwertyty",
            "questionType": "typenat",
            "option1": "",
            "option2": "",
            "option3": "",
            "option4": "",
            "correctOption": "@1234"
        }
    },
    {
        "model": "academics.quizquestions",
        "pk": 36,
        "fields": {
            "quiz": 10,
            "question": "q",
            "questionType": "MCQ",
            "option1": "w",
            "option2": "e",
            "option3": "r",
            "option4": "t",
            "correctOption": "y"
        }
    },
    {
        "model": "academics.quizquestions",
        "pk": 37,
        "fields": {
            "quiz": 10,
            "question": "qwe",
            "questionType": "typenat",
            "option1": "",
            "option2": "",
            "option3": "",
            "option4": "",
            "correctOption": "rtyui"
        }
    },
    {
        "model": "academics.quizquestions",
        "pk": 38,
        "fields": {
            "quiz": 10,
            "question": "qwer",
            "questionType": "typenat",
            "option1": "",
            "option2": "",
            "option3": "",
            "option4": "",
            "correctOption": "ty"
        }
    },
    {
        "model": "academics.quizquestions",
        "pk": 40,
        "fields": {
            "quiz": 11,
            "question": "blah",
            "questionType": "MCQ",
            "option1": "vlah",
            "option2": "blha",
            "option3": "blah",
            "option4": "lbha",
            "correctOption": "blsh"
        }
    },
    {
        "model": "academics.quizquestions",
        "pk": 41,
        "fields": {
            "quiz": 12,
            "question": "thired quiz q1",
            "questionType": "MCQ",
            "option1": "q",
            "option2": "w",
            "option3": "e",
            "option4": "r",
            "correctOption": "q"
        }
    },
    {
        "model": "academics.quizquestions",
        "pk": 42,
        "fields": {
            "quiz": 12,
            "question": "pop",
            "questionType": "MCQ",
            "option1": "p",
            "option2": "o",
            "option3": "p",
            "option4": "p",
            "correctOption": "p"
        }
    },
    {
        "model": "academics.quizquestions",
        "pk": 43,
        "fields": {
            "quiz": 12,
            "question": "Fill in the Blank",
            "questionType": "typenat",
            "option1": "",
            "option2": "",
            "option3": "",
            "option4": "",
            "correctOption": "mcq"
        }
    },
    {
        "model": "academics.quizgrades",
        "pk": 1,
        "fields": {
            "quiz": 8,
            "student": 1,
            "unAttemptedQuestions": 2,
            "wrongAnswers": 3,
            "correctAnswers": 5,
            "timeTaken": "00:08:30",
            "startedOn": "2021-06-16T07:48:02Z",
            "submitedOn": "2021-06-16T07:37:44.096Z",
            "marks": 5
        }
    },
    {
        "model": "academics.quizgrades",
        "pk": 2,
        "fields": {
            "quiz": 8,
            "student": 2,
            "unAttemptedQuestions": 3,
            "wrongAnswers": 3,
            "correctAnswers": 4,
            "timeTaken": "00:00:04",
            "startedOn": "2021-06-22T18:55:52Z",
            "submitedOn": "2021-06-22T18:55:54.273Z",
            "marks": 4
        }
    },
    {
        "model": "academics.quizgrades",
        "pk": 3,
        "fields": {
            "quiz": 10,
            "student": 1,
            "unAttemptedQuestions": 3,
            "wrongAnswers": 3,
            "correctAnswers": 4,
            "timeTaken": "00:00:04",
            "startedOn": "2021-06-22T19:16:31Z",
            "submitedOn": "2021-06-22T19:16:34.332Z",
            "marks": 4
        }
    },
    {
        "model": "academics.quizgrades",
        "pk": 4,
        "fields": {
            "quiz": 12,
            "student": 1,
            "unAttemptedQuestions": 1,
            "wrongAnswers": 1,
            "correctAnswers": 8,
            "timeTaken": "00:00:08",
            "startedOn": "2021-06-22T19:16:54Z",
            "submitedOn": "2021-06-22T19:16:56.131Z",
            "marks": 8
        }
    },
    {
        "model": "academics.assignment",
        "pk": 2,
        "fields": {
            "name": "Assignment one",
            "assignmentType": null,
            "assignmentFile": "SYSTEMARCHITECTUREINHOUSEINTERNSHIPPROJECT.txt",
            "subject": 1,
            "startingDate": "2021-06-01",
            "deadline": "2021-06-10",
            "createdOn": "2021-05-30T14:51:07.523Z",
            "updatedOn": "2021-05-30T14:51:07.523Z"
        }
    },
    {
        "model": "academics.assignment",
        "pk": 3,
        "fields": {
            "name": "Test Assignment",
            "assignmentType": null,
            "assignmentFile": "SYSTEMARCHITECTUREINHOUSEINTERNSHIPPROJECT_5VFBvsJ.txt",
            "subject": 3,
            "startingDate": "2021-06-15",
            "deadline": "2021-06-15",
            "createdOn": "2021-06-15T14:54:02.083Z",
            "updatedOn": "2021-06-15T14:54:02.083Z"
        }
    },
    {
        "model": "academics.assignment",
        "pk": 4,
        "fields": {
            "name": "test 2 assignment",
            "assignmentType": null,
            "assignmentFile": "dbCreds_RzOgqOD.txt",
            "subject": 4,
            "startingDate": "2021-06-15",
            "deadline": "2021-06-15",
            "createdOn": "2021-06-15T14:57:17.469Z",
            "updatedOn": "2021-06-15T14:57:17.469Z"
        }
    },
    {
        "model": "academics.assignment",
        "pk": 5,
        "fields": {
            "name": "assignment two",
            "assignmentType": null,
            "assignmentFile": "3755a661-b53a-4fd7-a259-2e7ec390aa12.jfif",
            "subject": 1,
            "startingDate": "2021-06-23",
            "deadline": "2021-06-30",
            "createdOn": "2021-06-23T04:54:34.629Z",
            "updatedOn": "2021-06-23T04:54:34.630Z"
        }
    },
    {
        "model": "academics.assignmentsubmission",
        "pk": 1,
        "fields": {
            "assignment": 2,
            "submissionFile": "user vs feature diagram.png",
            "submitedBy": 1,
            "submitedOn": "2021-05-30T16:31:47.315Z",
            "grade": 9
        }
    },
    {
        "model": "academics.assignmentsubmission",
        "pk": 2,
        "fields": {
            "assignment": 2,
            "submissionFile": "peopl.txt",
            "submitedBy": 2,
            "submitedOn": "2021-05-30T18:18:02.211Z",
            "grade": 9
        }
    },
    {
        "model": "academics.assignmentsubmission",
        "pk": 6,
        "fields": {
            "assignment": 5,
            "submissionFile": "aniket_vyas4___CodeChef_User_Profile_for_Aniket_Vyas___CodeChef_42yJaTX.pdf",
            "submitedBy": 1,
            "submitedOn": "2021-06-23T04:55:07.875Z",
            "grade": 10
        }
    },
    {
        "model": "academics.lecturerecord",
        "pk": 1,
        "fields": {
            "subject": 1,
            "faculty": 1,
            "goals": "ghutkha khana h",
            "status": "",
            "startDate": "2021-05-27",
            "endDate": "2021-05-27",
            "notes": "dbCreds.txt"
        }
    },
    {
        "model": "academics.lecturerecord",
        "pk": 2,
        "fields": {
            "subject": 4,
            "faculty": 2,
            "goals": "Are yeto mene bi skip kiya tha merko bi ni ata me kya padau",
            "status": "",
            "startDate": "2021-06-14",
            "endDate": "2021-06-14",
            "notes": "dbCreds_J3TpDx7.txt"
        }
    },
    {
        "model": "academics.lecturerecord",
        "pk": 3,
        "fields": {
            "subject": 5,
            "faculty": 3,
            "goals": "Introduction to Subject",
            "status": "",
            "startDate": "2021-06-17",
            "endDate": "2021-06-17",
            "notes": "peopl_EmJkgTK.txt"
        }
    },
    {
        "model": "academics.lecturerecord",
        "pk": 4,
        "fields": {
            "subject": 5,
            "faculty": 3,
            "goals": "Principles of Machine Design",
            "status": "",
            "startDate": "2021-06-18",
            "endDate": "2021-06-18",
            "notes": "SYSTEMARCHITECTUREINHOUSEINTERNSHIPPROJECT_B4AJRvn.txt"
        }
    },
    {
        "model": "admin.logentry",
        "pk": 1,
        "fields": {
            "action_time": "2021-05-26T08:13:40.843Z",
            "user": 1,
            "content_type": 1,
            "object_id": "1",
            "object_repr": "mukesh kalla",
            "action_flag": 1,
            "change_message": "[{\"added\": {}}]"
        }
    },
    {
        "model": "admin.logentry",
        "pk": 2,
        "fields": {
            "action_time": "2021-05-26T08:14:12.170Z",
            "user": 1,
            "content_type": 1,
            "object_id": "2",
            "object_repr": "harish tiwari",
            "action_flag": 1,
            "change_message": "[{\"added\": {}}]"
        }
    },
    {
        "model": "admin.logentry",
        "pk": 3,
        "fields": {
            "action_time": "2021-05-26T08:19:46.734Z",
            "user": 1,
            "content_type": 1,
            "object_id": "3",
            "object_repr": "arun kumar",
            "action_flag": 1,
            "change_message": "[{\"added\": {}}]"
        }
    },
    {
        "model": "admin.logentry",
        "pk": 4,
        "fields": {
            "action_time": "2021-05-26T08:20:22.647Z",
            "user": 1,
            "content_type": 1,
            "object_id": "4",
            "object_repr": "Srihari Honwad",
            "action_flag": 1,
            "change_message": "[{\"added\": {}}]"
        }
    },
    {
        "model": "admin.logentry",
        "pk": 5,
        "fields": {
            "action_time": "2021-05-26T08:21:08.645Z",
            "user": 1,
            "content_type": 3,
            "object_id": "1",
            "object_repr": "school object (1)",
            "action_flag": 1,
            "change_message": "[{\"added\": {}}]"
        }
    },
    {
        "model": "admin.logentry",
        "pk": 6,
        "fields": {
            "action_time": "2021-05-26T08:21:28.972Z",
            "user": 1,
            "content_type": 8,
            "object_id": "1",
            "object_repr": "CSE",
            "action_flag": 1,
            "change_message": "[{\"added\": {}}]"
        }
    },
    {
        "model": "admin.logentry",
        "pk": 7,
        "fields": {
            "action_time": "2021-05-26T08:21:52.319Z",
            "user": 1,
            "content_type": 7,
            "object_id": "1",
            "object_repr": "harish tiwari",
            "action_flag": 1,
            "change_message": "[{\"added\": {}}]"
        }
    },
    {
        "model": "admin.logentry",
        "pk": 8,
        "fields": {
            "action_time": "2021-05-26T08:22:29.514Z",
            "user": 1,
            "content_type": 1,
            "object_id": "5",
            "object_repr": "poonam saini",
            "action_flag": 1,
            "change_message": "[{\"added\": {}}]"
        }
    },
    {
        "model": "admin.logentry",
        "pk": 9,
        "fields": {
            "action_time": "2021-05-26T08:22:40.999Z",
            "user": 1,
            "content_type": 7,
            "object_id": "2",
            "object_repr": "poonam saini",
            "action_flag": 1,
            "change_message": "[{\"added\": {}}]"
        }
    },
    {
        "model": "admin.logentry",
        "pk": 10,
        "fields": {
            "action_time": "2021-05-26T08:23:26.064Z",
            "user": 1,
            "content_type": 5,
            "object_id": "1",
            "object_repr": "CS-1034",
            "action_flag": 1,
            "change_message": "[{\"added\": {}}]"
        }
    },
    {
        "model": "admin.logentry",
        "pk": 11,
        "fields": {
            "action_time": "2021-05-26T08:23:56.104Z",
            "user": 1,
            "content_type": 5,
            "object_id": "2",
            "object_repr": "CS-1432",
            "action_flag": 1,
            "change_message": "[{\"added\": {}}]"
        }
    },
    {
        "model": "admin.logentry",
        "pk": 12,
        "fields": {
            "action_time": "2021-05-26T08:24:30.298Z",
            "user": 1,
            "content_type": 5,
            "object_id": "3",
            "object_repr": "CS-2314",
            "action_flag": 1,
            "change_message": "[{\"added\": {}}]"
        }
    },
    {
        "model": "admin.logentry",
        "pk": 13,
        "fields": {
            "action_time": "2021-05-26T08:30:17.194Z",
            "user": 1,
            "content_type": 4,
            "object_id": "1",
            "object_repr": "program object (1)",
            "action_flag": 1,
            "change_message": "[{\"added\": {}}]"
        }
    },
    {
        "model": "admin.logentry",
        "pk": 14,
        "fields": {
            "action_time": "2021-05-26T08:31:14.468Z",
            "user": 1,
            "content_type": 2,
            "object_id": "1",
            "object_repr": "18CS002096",
            "action_flag": 1,
            "change_message": "[{\"added\": {}}]"
        }
    },
    {
        "model": "admin.logentry",
        "pk": 15,
        "fields": {
            "action_time": "2021-05-26T08:35:47.181Z",
            "user": 1,
            "content_type": 22,
            "object_id": "2",
            "object_repr": "mukesh.kalla@spsu.ac.in",
            "action_flag": 1,
            "change_message": "[{\"added\": {}}]"
        }
    },
    {
        "model": "admin.logentry",
        "pk": 16,
        "fields": {
            "action_time": "2021-05-26T08:36:09.369Z",
            "user": 1,
            "content_type": 21,
            "object_id": "1",
            "object_repr": "HOD",
            "action_flag": 1,
            "change_message": "[{\"added\": {}}]"
        }
    },
    {
        "model": "admin.logentry",
        "pk": 17,
        "fields": {
            "action_time": "2021-05-26T08:36:13.244Z",
            "user": 1,
            "content_type": 22,
            "object_id": "2",
            "object_repr": "mukesh.kalla@spsu.ac.in",
            "action_flag": 2,
            "change_message": "[{\"changed\": {\"fields\": [\"First name\", \"Last name\", \"Email address\", \"Groups\"]}}]"
        }
    },
    {
        "model": "admin.logentry",
        "pk": 18,
        "fields": {
            "action_time": "2021-05-26T08:36:28.843Z",
            "user": 1,
            "content_type": 22,
            "object_id": "3",
            "object_repr": "aniket.vyas@spsu.ac.in",
            "action_flag": 1,
            "change_message": "[{\"added\": {}}]"
        }
    },
    {
        "model": "admin.logentry",
        "pk": 19,
        "fields": {
            "action_time": "2021-05-26T08:36:42.868Z",
            "user": 1,
            "content_type": 21,
            "object_id": "2",
            "object_repr": "STUDENT",
            "action_flag": 1,
            "change_message": "[{\"added\": {}}]"
        }
    },
    {
        "model": "admin.logentry",
        "pk": 20,
        "fields": {
            "action_time": "2021-05-26T08:36:47.080Z",
            "user": 1,
            "content_type": 22,
            "object_id": "3",
            "object_repr": "aniket.vyas@spsu.ac.in",
            "action_flag": 2,
            "change_message": "[{\"changed\": {\"fields\": [\"First name\", \"Last name\", \"Groups\"]}}]"
        }
    },
    {
        "model": "admin.logentry",
        "pk": 21,
        "fields": {
            "action_time": "2021-05-26T08:37:03.664Z",
            "user": 1,
            "content_type": 22,
            "object_id": "4",
            "object_repr": "harish.tiwari@spsu.ac.in",
            "action_flag": 1,
            "change_message": "[{\"added\": {}}]"
        }
    },
    {
        "model": "admin.logentry",
        "pk": 22,
        "fields": {
            "action_time": "2021-05-26T08:37:27.450Z",
            "user": 1,
            "content_type": 21,
            "object_id": "3",
            "object_repr": "FACULTY",
            "action_flag": 1,
            "change_message": "[{\"added\": {}}]"
        }
    },
    {
        "model": "admin.logentry",
        "pk": 23,
        "fields": {
            "action_time": "2021-05-26T08:37:32.812Z",
            "user": 1,
            "content_type": 22,
            "object_id": "4",
            "object_repr": "harish.tiwari@spsu.ac.in",
            "action_flag": 2,
            "change_message": "[{\"changed\": {\"fields\": [\"First name\", \"Last name\", \"Email address\", \"Groups\"]}}]"
        }
    },
    {
        "model": "admin.logentry",
        "pk": 24,
        "fields": {
            "action_time": "2021-05-26T08:37:54.325Z",
            "user": 1,
            "content_type": 22,
            "object_id": "5",
            "object_repr": "poonam.saini@spsu.ac.in",
            "action_flag": 1,
            "change_message": "[{\"added\": {}}]"
        }
    },
    {
        "model": "admin.logentry",
        "pk": 25,
        "fields": {
            "action_time": "2021-05-26T08:38:12.387Z",
            "user": 1,
            "content_type": 22,
            "object_id": "5",
            "object_repr": "poonam.saini@spsu.ac.in",
            "action_flag": 2,
            "change_message": "[{\"changed\": {\"fields\": [\"First name\", \"Last name\", \"Email address\", \"Groups\"]}}]"
        }
    },
    {
        "model": "admin.logentry",
        "pk": 26,
        "fields": {
            "action_time": "2021-05-26T13:40:18.898Z",
            "user": 1,
            "content_type": 1,
            "object_id": "2",
            "object_repr": "harish tiwari",
            "action_flag": 2,
            "change_message": "[{\"changed\": {\"fields\": [\"UniversityEmail\"]}}]"
        }
    },
    {
        "model": "admin.logentry",
        "pk": 27,
        "fields": {
            "action_time": "2021-05-27T04:26:42.772Z",
            "user": 1,
            "content_type": 2,
            "object_id": "2",
            "object_repr": "18CS002095",
            "action_flag": 1,
            "change_message": "[{\"added\": {}}]"
        }
    },
    {
        "model": "admin.logentry",
        "pk": 28,
        "fields": {
            "action_time": "2021-05-27T04:27:47.040Z",
            "user": 1,
            "content_type": 2,
            "object_id": "3",
            "object_repr": "17CS002341",
            "action_flag": 1,
            "change_message": "[{\"added\": {}}]"
        }
    },
    {
        "model": "admin.logentry",
        "pk": 29,
        "fields": {
            "action_time": "2021-05-27T04:28:47.354Z",
            "user": 1,
            "content_type": 2,
            "object_id": "4",
            "object_repr": "17CS002986",
            "action_flag": 1,
            "change_message": "[{\"added\": {}}]"
        }
    },
    {
        "model": "admin.logentry",
        "pk": 30,
        "fields": {
            "action_time": "2021-05-27T04:30:20.194Z",
            "user": 1,
            "content_type": 2,
            "object_id": "5",
            "object_repr": "20CS003414",
            "action_flag": 1,
            "change_message": "[{\"added\": {}}]"
        }
    },
    {
        "model": "admin.logentry",
        "pk": 31,
        "fields": {
            "action_time": "2021-05-27T04:31:08.256Z",
            "user": 1,
            "content_type": 4,
            "object_id": "2",
            "object_repr": "program object (2)",
            "action_flag": 1,
            "change_message": "[{\"added\": {}}]"
        }
    },
    {
        "model": "admin.logentry",
        "pk": 32,
        "fields": {
            "action_time": "2021-05-27T04:32:45.781Z",
            "user": 1,
            "content_type": 2,
            "object_id": "6",
            "object_repr": "20CS009834",
            "action_flag": 1,
            "change_message": "[{\"added\": {}}]"
        }
    },
    {
        "model": "admin.logentry",
        "pk": 33,
        "fields": {
            "action_time": "2021-05-27T06:34:47.875Z",
            "user": 1,
            "content_type": 4,
            "object_id": "1",
            "object_repr": "program object (1)",
            "action_flag": 2,
            "change_message": "[{\"changed\": {\"fields\": [\"Duration\"]}}]"
        }
    },
    {
        "model": "admin.logentry",
        "pk": 34,
        "fields": {
            "action_time": "2021-05-27T06:34:52.554Z",
            "user": 1,
            "content_type": 4,
            "object_id": "2",
            "object_repr": "program object (2)",
            "action_flag": 2,
            "change_message": "[{\"changed\": {\"fields\": [\"Duration\"]}}]"
        }
    },
    {
        "model": "admin.logentry",
        "pk": 35,
        "fields": {
            "action_time": "2021-05-27T07:12:18.806Z",
            "user": 1,
            "content_type": 4,
            "object_id": "2",
            "object_repr": "program object (2)",
            "action_flag": 2,
            "change_message": "[{\"changed\": {\"fields\": [\"TotalSemester\"]}}]"
        }
    },
    {
        "model": "admin.logentry",
        "pk": 36,
        "fields": {
            "action_time": "2021-05-27T07:12:23.688Z",
            "user": 1,
            "content_type": 4,
            "object_id": "1",
            "object_repr": "program object (1)",
            "action_flag": 2,
            "change_message": "[{\"changed\": {\"fields\": [\"TotalSemester\"]}}]"
        }
    },
    {
        "model": "admin.logentry",
        "pk": 37,
        "fields": {
            "action_time": "2021-05-27T07:54:38.118Z",
            "user": 1,
            "content_type": 2,
            "object_id": "1",
            "object_repr": "18CS002096",
            "action_flag": 2,
            "change_message": "[{\"changed\": {\"fields\": [\"CurrentSemester\"]}}]"
        }
    },
    {
        "model": "admin.logentry",
        "pk": 38,
        "fields": {
            "action_time": "2021-05-27T07:54:44.835Z",
            "user": 1,
            "content_type": 2,
            "object_id": "1",
            "object_repr": "18CS002096",
            "action_flag": 2,
            "change_message": "[]"
        }
    },
    {
        "model": "admin.logentry",
        "pk": 39,
        "fields": {
            "action_time": "2021-05-27T07:54:50.621Z",
            "user": 1,
            "content_type": 2,
            "object_id": "2",
            "object_repr": "18CS002095",
            "action_flag": 2,
            "change_message": "[{\"changed\": {\"fields\": [\"CurrentSemester\"]}}]"
        }
    },
    {
        "model": "admin.logentry",
        "pk": 40,
        "fields": {
            "action_time": "2021-05-27T07:54:56.598Z",
            "user": 1,
            "content_type": 2,
            "object_id": "3",
            "object_repr": "17CS002341",
            "action_flag": 2,
            "change_message": "[{\"changed\": {\"fields\": [\"CurrentSemester\"]}}]"
        }
    },
    {
        "model": "admin.logentry",
        "pk": 41,
        "fields": {
            "action_time": "2021-05-27T07:55:01.781Z",
            "user": 1,
            "content_type": 2,
            "object_id": "4",
            "object_repr": "17CS002986",
            "action_flag": 2,
            "change_message": "[{\"changed\": {\"fields\": [\"CurrentSemester\"]}}]"
        }
    },
    {
        "model": "admin.logentry",
        "pk": 42,
        "fields": {
            "action_time": "2021-05-27T07:55:06.563Z",
            "user": 1,
            "content_type": 2,
            "object_id": "5",
            "object_repr": "20CS003414",
            "action_flag": 2,
            "change_message": "[{\"changed\": {\"fields\": [\"CurrentSemester\"]}}]"
        }
    },
    {
        "model": "admin.logentry",
        "pk": 43,
        "fields": {
            "action_time": "2021-05-27T07:55:10.373Z",
            "user": 1,
            "content_type": 2,
            "object_id": "6",
            "object_repr": "20CS009834",
            "action_flag": 2,
            "change_message": "[{\"changed\": {\"fields\": [\"CurrentSemester\"]}}]"
        }
    },
    {
        "model": "admin.logentry",
        "pk": 44,
        "fields": {
            "action_time": "2021-05-27T08:05:03.274Z",
            "user": 1,
            "content_type": 5,
            "object_id": "1",
            "object_repr": "CS-1034",
            "action_flag": 2,
            "change_message": "[{\"changed\": {\"fields\": [\"Semester\"]}}]"
        }
    },
    {
        "model": "admin.logentry",
        "pk": 45,
        "fields": {
            "action_time": "2021-05-27T08:05:09.835Z",
            "user": 1,
            "content_type": 5,
            "object_id": "3",
            "object_repr": "CS-2314",
            "action_flag": 2,
            "change_message": "[{\"changed\": {\"fields\": [\"Semester\"]}}]"
        }
    },
    {
        "model": "admin.logentry",
        "pk": 46,
        "fields": {
            "action_time": "2021-05-27T08:05:19.074Z",
            "user": 1,
            "content_type": 5,
            "object_id": "2",
            "object_repr": "CS-1432",
            "action_flag": 2,
            "change_message": "[]"
        }
    },
    {
        "model": "admin.logentry",
        "pk": 47,
        "fields": {
            "action_time": "2021-05-27T08:08:55.217Z",
            "user": 1,
            "content_type": 6,
            "object_id": "8",
            "object_repr": "lectureEnrollment object (8)",
            "action_flag": 3,
            "change_message": ""
        }
    },
    {
        "model": "admin.logentry",
        "pk": 48,
        "fields": {
            "action_time": "2021-05-27T08:08:55.318Z",
            "user": 1,
            "content_type": 6,
            "object_id": "7",
            "object_repr": "lectureEnrollment object (7)",
            "action_flag": 3,
            "change_message": ""
        }
    },
    {
        "model": "admin.logentry",
        "pk": 49,
        "fields": {
            "action_time": "2021-05-27T08:08:55.471Z",
            "user": 1,
            "content_type": 6,
            "object_id": "6",
            "object_repr": "lectureEnrollment object (6)",
            "action_flag": 3,
            "change_message": ""
        }
    },
    {
        "model": "admin.logentry",
        "pk": 50,
        "fields": {
            "action_time": "2021-05-27T08:08:55.618Z",
            "user": 1,
            "content_type": 6,
            "object_id": "5",
            "object_repr": "lectureEnrollment object (5)",
            "action_flag": 3,
            "change_message": ""
        }
    },
    {
        "model": "admin.logentry",
        "pk": 51,
        "fields": {
            "action_time": "2021-05-27T13:25:48.702Z",
            "user": 1,
            "content_type": 12,
            "object_id": "1",
            "object_repr": "Quiz1",
            "action_flag": 3,
            "change_message": ""
        }
    },
    {
        "model": "admin.logentry",
        "pk": 52,
        "fields": {
            "action_time": "2021-05-27T13:28:13.696Z",
            "user": 1,
            "content_type": 12,
            "object_id": "2",
            "object_repr": "Quiz 1",
            "action_flag": 3,
            "change_message": ""
        }
    },
    {
        "model": "admin.logentry",
        "pk": 53,
        "fields": {
            "action_time": "2021-05-27T14:05:18.568Z",
            "user": 1,
            "content_type": 13,
            "object_id": "1",
            "object_repr": "",
            "action_flag": 3,
            "change_message": ""
        }
    },
    {
        "model": "admin.logentry",
        "pk": 54,
        "fields": {
            "action_time": "2021-05-27T14:13:56.440Z",
            "user": 1,
            "content_type": 13,
            "object_id": "2",
            "object_repr": "quizQuestions object (2)",
            "action_flag": 2,
            "change_message": "[{\"changed\": {\"fields\": [\"Question\", \"QuestionType\", \"Option1\", \"Option2\", \"Option3\", \"Option4\"]}}]"
        }
    },
    {
        "model": "admin.logentry",
        "pk": 55,
        "fields": {
            "action_time": "2021-05-27T14:26:03.242Z",
            "user": 1,
            "content_type": 13,
            "object_id": "3",
            "object_repr": "quizQuestions object (3)",
            "action_flag": 3,
            "change_message": ""
        }
    },
    {
        "model": "admin.logentry",
        "pk": 56,
        "fields": {
            "action_time": "2021-05-27T14:26:14.235Z",
            "user": 1,
            "content_type": 13,
            "object_id": "2",
            "object_repr": "quizQuestions object (2)",
            "action_flag": 3,
            "change_message": ""
        }
    },
    {
        "model": "admin.logentry",
        "pk": 57,
        "fields": {
            "action_time": "2021-05-27T14:58:07.355Z",
            "user": 1,
            "content_type": 13,
            "object_id": "5",
            "object_repr": "quizQuestions object (5)",
            "action_flag": 3,
            "change_message": ""
        }
    },
    {
        "model": "admin.logentry",
        "pk": 58,
        "fields": {
            "action_time": "2021-05-27T14:58:07.486Z",
            "user": 1,
            "content_type": 13,
            "object_id": "4",
            "object_repr": "quizQuestions object (4)",
            "action_flag": 3,
            "change_message": ""
        }
    },
    {
        "model": "admin.logentry",
        "pk": 59,
        "fields": {
            "action_time": "2021-05-27T14:58:20.635Z",
            "user": 1,
            "content_type": 13,
            "object_id": "8",
            "object_repr": "quizQuestions object (8)",
            "action_flag": 3,
            "change_message": ""
        }
    },
    {
        "model": "admin.logentry",
        "pk": 60,
        "fields": {
            "action_time": "2021-05-27T14:58:48.721Z",
            "user": 1,
            "content_type": 13,
            "object_id": "9",
            "object_repr": "quizQuestions object (9)",
            "action_flag": 3,
            "change_message": ""
        }
    },
    {
        "model": "admin.logentry",
        "pk": 61,
        "fields": {
            "action_time": "2021-05-27T14:59:55.225Z",
            "user": 1,
            "content_type": 13,
            "object_id": "10",
            "object_repr": "quizQuestions object (10)",
            "action_flag": 3,
            "change_message": ""
        }
    },
    {
        "model": "admin.logentry",
        "pk": 62,
        "fields": {
            "action_time": "2021-05-30T14:02:10.797Z",
            "user": 1,
            "content_type": 15,
            "object_id": "1",
            "object_repr": "assignment object (1)",
            "action_flag": 2,
            "change_message": "[{\"changed\": {\"fields\": [\"StartingDate\"]}}]"
        }
    },
    {
        "model": "admin.logentry",
        "pk": 63,
        "fields": {
            "action_time": "2021-05-30T18:13:05.062Z",
            "user": 1,
            "content_type": 22,
            "object_id": "6",
            "object_repr": "aman.ojha@spsu.ac.in",
            "action_flag": 1,
            "change_message": "[{\"added\": {}}]"
        }
    },
    {
        "model": "admin.logentry",
        "pk": 64,
        "fields": {
            "action_time": "2021-05-30T18:13:25.591Z",
            "user": 1,
            "content_type": 22,
            "object_id": "6",
            "object_repr": "aman.ojha@spsu.ac.in",
            "action_flag": 2,
            "change_message": "[{\"changed\": {\"fields\": [\"First name\", \"Last name\", \"Email address\", \"Groups\"]}}]"
        }
    },
    {
        "model": "admin.logentry",
        "pk": 65,
        "fields": {
            "action_time": "2021-06-03T08:11:02.975Z",
            "user": 1,
            "content_type": 12,
            "object_id": "7",
            "object_repr": "Test Quiz",
            "action_flag": 3,
            "change_message": ""
        }
    },
    {
        "model": "admin.logentry",
        "pk": 66,
        "fields": {
            "action_time": "2021-06-03T08:11:03.454Z",
            "user": 1,
            "content_type": 12,
            "object_id": "6",
            "object_repr": "test quiz",
            "action_flag": 3,
            "change_message": ""
        }
    },
    {
        "model": "admin.logentry",
        "pk": 67,
        "fields": {
            "action_time": "2021-06-03T08:11:03.723Z",
            "user": 1,
            "content_type": 12,
            "object_id": "5",
            "object_repr": "test 4",
            "action_flag": 3,
            "change_message": ""
        }
    },
    {
        "model": "admin.logentry",
        "pk": 68,
        "fields": {
            "action_time": "2021-06-03T08:11:03.892Z",
            "user": 1,
            "content_type": 12,
            "object_id": "4",
            "object_repr": "Test Quiz",
            "action_flag": 3,
            "change_message": ""
        }
    },
    {
        "model": "admin.logentry",
        "pk": 69,
        "fields": {
            "action_time": "2021-06-03T08:11:04.093Z",
            "user": 1,
            "content_type": 12,
            "object_id": "3",
            "object_repr": "Quiz 1",
            "action_flag": 3,
            "change_message": ""
        }
    },
    {
        "model": "admin.logentry",
        "pk": 70,
        "fields": {
            "action_time": "2021-06-03T09:41:31.165Z",
            "user": 1,
            "content_type": 12,
            "object_id": "9",
            "object_repr": "second quiz",
            "action_flag": 3,
            "change_message": ""
        }
    },
    {
        "model": "admin.logentry",
        "pk": 71,
        "fields": {
            "action_time": "2021-06-13T08:03:21.436Z",
            "user": 1,
            "content_type": 12,
            "object_id": "12",
            "object_repr": "third quiz",
            "action_flag": 2,
            "change_message": "[{\"changed\": {\"fields\": [\"QuizDate\"]}}]"
        }
    },
    {
        "model": "admin.logentry",
        "pk": 72,
        "fields": {
            "action_time": "2021-06-13T08:03:45.437Z",
            "user": 1,
            "content_type": 12,
            "object_id": "12",
            "object_repr": "third quiz",
            "action_flag": 2,
            "change_message": "[{\"changed\": {\"fields\": [\"QuizDate\"]}}]"
        }
    },
    {
        "model": "admin.logentry",
        "pk": 73,
        "fields": {
            "action_time": "2021-06-14T05:08:18.824Z",
            "user": 1,
            "content_type": 22,
            "object_id": "7",
            "object_repr": "devesh.ranjan@spsu.ac.in",
            "action_flag": 1,
            "change_message": "[{\"added\": {}}]"
        }
    },
    {
        "model": "admin.logentry",
        "pk": 74,
        "fields": {
            "action_time": "2021-06-14T05:08:35.535Z",
            "user": 1,
            "content_type": 22,
            "object_id": "7",
            "object_repr": "devesh.ranjan@spsu.ac.in",
            "action_flag": 2,
            "change_message": "[{\"changed\": {\"fields\": [\"First name\", \"Last name\", \"Email address\", \"Groups\"]}}]"
        }
    },
    {
        "model": "admin.logentry",
        "pk": 75,
        "fields": {
            "action_time": "2021-06-14T05:19:29.568Z",
            "user": 1,
            "content_type": 22,
            "object_id": "8",
            "object_repr": "coe@spsu.ac.in",
            "action_flag": 1,
            "change_message": "[{\"added\": {}}]"
        }
    },
    {
        "model": "admin.logentry",
        "pk": 76,
        "fields": {
            "action_time": "2021-06-14T05:19:58.031Z",
            "user": 1,
            "content_type": 21,
            "object_id": "4",
            "object_repr": "COE",
            "action_flag": 1,
            "change_message": "[{\"added\": {}}]"
        }
    },
    {
        "model": "admin.logentry",
        "pk": 77,
        "fields": {
            "action_time": "2021-06-14T05:20:02.460Z",
            "user": 1,
            "content_type": 22,
            "object_id": "8",
            "object_repr": "coe@spsu.ac.in",
            "action_flag": 2,
            "change_message": "[{\"changed\": {\"fields\": [\"First name\", \"Last name\", \"Email address\", \"Groups\"]}}]"
        }
    },
    {
        "model": "admin.logentry",
        "pk": 78,
        "fields": {
            "action_time": "2021-06-15T14:54:02.098Z",
            "user": 1,
            "content_type": 15,
            "object_id": "3",
            "object_repr": "assignment object (3)",
            "action_flag": 1,
            "change_message": "[{\"added\": {}}]"
        }
    },
    {
        "model": "admin.logentry",
        "pk": 79,
        "fields": {
            "action_time": "2021-06-15T14:57:17.485Z",
            "user": 1,
            "content_type": 15,
            "object_id": "4",
            "object_repr": "assignment object (4)",
            "action_flag": 1,
            "change_message": "[{\"added\": {}}]"
        }
    },
    {
        "model": "admin.logentry",
        "pk": 80,
        "fields": {
            "action_time": "2021-06-16T04:07:20.596Z",
            "user": 1,
            "content_type": 16,
            "object_id": "4",
            "object_repr": "test 2 assignment Devesh",
            "action_flag": 2,
            "change_message": "[{\"changed\": {\"fields\": [\"Grade\"]}}]"
        }
    },
    {
        "model": "admin.logentry",
        "pk": 81,
        "fields": {
            "action_time": "2021-06-16T04:07:27.688Z",
            "user": 1,
            "content_type": 16,
            "object_id": "3",
            "object_repr": "Test Assignment Aniket",
            "action_flag": 2,
            "change_message": "[{\"changed\": {\"fields\": [\"Grade\"]}}]"
        }
    },
    {
        "model": "admin.logentry",
        "pk": 82,
        "fields": {
            "action_time": "2021-06-16T04:07:33.402Z",
            "user": 1,
            "content_type": 16,
            "object_id": "2",
            "object_repr": "Assignment one Aman",
            "action_flag": 2,
            "change_message": "[{\"changed\": {\"fields\": [\"Grade\"]}}]"
        }
    },
    {
        "model": "admin.logentry",
        "pk": 83,
        "fields": {
            "action_time": "2021-06-16T04:07:39.387Z",
            "user": 1,
            "content_type": 16,
            "object_id": "1",
            "object_repr": "Assignment one Aniket",
            "action_flag": 2,
            "change_message": "[{\"changed\": {\"fields\": [\"Grade\"]}}]"
        }
    },
    {
        "model": "admin.logentry",
        "pk": 84,
        "fields": {
            "action_time": "2021-06-16T06:08:08.008Z",
            "user": 1,
            "content_type": 14,
            "object_id": "1",
            "object_repr": "first quiz Aniket",
            "action_flag": 1,
            "change_message": "[{\"added\": {}}]"
        }
    },
    {
        "model": "admin.logentry",
        "pk": 85,
        "fields": {
            "action_time": "2021-06-16T07:48:08.363Z",
            "user": 1,
            "content_type": 14,
            "object_id": "1",
            "object_repr": "first quiz Aniket",
            "action_flag": 2,
            "change_message": "[{\"changed\": {\"fields\": [\"StartedOn\"]}}]"
        }
    },
    {
        "model": "admin.logentry",
        "pk": 86,
        "fields": {
            "action_time": "2021-06-16T07:49:54.316Z",
            "user": 1,
            "content_type": 14,
            "object_id": "1",
            "object_repr": "first quiz Aniket",
            "action_flag": 2,
            "change_message": "[{\"changed\": {\"fields\": [\"UnAttemptedQuestions\", \"CorrectAnswers\"]}}]"
        }
    },
    {
        "model": "admin.logentry",
        "pk": 87,
        "fields": {
            "action_time": "2021-06-16T08:19:03.069Z",
            "user": 1,
            "content_type": 12,
            "object_id": "8",
            "object_repr": "first quiz",
            "action_flag": 2,
            "change_message": "[{\"changed\": {\"fields\": [\"Duration\"]}}]"
        }
    },
    {
        "model": "admin.logentry",
        "pk": 88,
        "fields": {
            "action_time": "2021-06-16T09:01:12.656Z",
            "user": 1,
            "content_type": 1,
            "object_id": "6",
            "object_repr": "Naveen Kumar",
            "action_flag": 1,
            "change_message": "[{\"added\": {}}]"
        }
    },
    {
        "model": "admin.logentry",
        "pk": 89,
        "fields": {
            "action_time": "2021-06-16T09:01:24.849Z",
            "user": 1,
            "content_type": 8,
            "object_id": "2",
            "object_repr": "ME",
            "action_flag": 1,
            "change_message": "[{\"added\": {}}]"
        }
    },
    {
        "model": "admin.logentry",
        "pk": 90,
        "fields": {
            "action_time": "2021-06-16T09:01:50.788Z",
            "user": 1,
            "content_type": 22,
            "object_id": "9",
            "object_repr": "naveen.kumar@spsu.ac.in",
            "action_flag": 1,
            "change_message": "[{\"added\": {}}]"
        }
    },
    {
        "model": "admin.logentry",
        "pk": 91,
        "fields": {
            "action_time": "2021-06-16T09:02:14.910Z",
            "user": 1,
            "content_type": 22,
            "object_id": "9",
            "object_repr": "naveen.kumar@spsu.ac.in",
            "action_flag": 2,
            "change_message": "[{\"changed\": {\"fields\": [\"First name\", \"Last name\", \"Email address\", \"Groups\"]}}]"
        }
    },
    {
        "model": "admin.logentry",
        "pk": 92,
        "fields": {
            "action_time": "2021-06-16T09:03:57.053Z",
            "user": 1,
            "content_type": 1,
            "object_id": "7",
            "object_repr": "lalit yadav",
            "action_flag": 1,
            "change_message": "[{\"added\": {}}]"
        }
    },
    {
        "model": "admin.logentry",
        "pk": 93,
        "fields": {
            "action_time": "2021-06-16T09:04:02.081Z",
            "user": 1,
            "content_type": 7,
            "object_id": "3",
            "object_repr": "lalit yadav",
            "action_flag": 1,
            "change_message": "[{\"added\": {}}]"
        }
    },
    {
        "model": "admin.logentry",
        "pk": 94,
        "fields": {
            "action_time": "2021-06-16T09:06:44.596Z",
            "user": 1,
            "content_type": 2,
            "object_id": "7",
            "object_repr": "21",
            "action_flag": 1,
            "change_message": "[{\"added\": {}}]"
        }
    },
    {
        "model": "admin.logentry",
        "pk": 95,
        "fields": {
            "action_time": "2021-06-16T09:07:12.934Z",
            "user": 1,
            "content_type": 2,
            "object_id": "7",
            "object_repr": "21ME002314",
            "action_flag": 2,
            "change_message": "[{\"changed\": {\"fields\": [\"EnrollmentNumber\"]}}]"
        }
    },
    {
        "model": "admin.logentry",
        "pk": 96,
        "fields": {
            "action_time": "2021-06-16T09:07:50.516Z",
            "user": 1,
            "content_type": 22,
            "object_id": "10",
            "object_repr": "kunal.bohra@spsu.ac.in",
            "action_flag": 1,
            "change_message": "[{\"added\": {}}]"
        }
    },
    {
        "model": "admin.logentry",
        "pk": 97,
        "fields": {
            "action_time": "2021-06-16T09:08:07.134Z",
            "user": 1,
            "content_type": 22,
            "object_id": "10",
            "object_repr": "kunal.bohra@spsu.ac.in",
            "action_flag": 2,
            "change_message": "[{\"changed\": {\"fields\": [\"First name\", \"Last name\", \"Email address\", \"Groups\"]}}]"
        }
    },
    {
        "model": "admin.logentry",
        "pk": 98,
        "fields": {
            "action_time": "2021-06-16T09:09:27.600Z",
            "user": 1,
            "content_type": 22,
            "object_id": "11",
            "object_repr": "lalit.yadav@spsu.ac.in",
            "action_flag": 1,
            "change_message": "[{\"added\": {}}]"
        }
    },
    {
        "model": "admin.logentry",
        "pk": 99,
        "fields": {
            "action_time": "2021-06-16T09:09:51.637Z",
            "user": 1,
            "content_type": 22,
            "object_id": "11",
            "object_repr": "lalit.yadav@spsu.ac.in",
            "action_flag": 2,
            "change_message": "[{\"changed\": {\"fields\": [\"First name\", \"Last name\", \"Email address\", \"Groups\"]}}]"
        }
    },
    {
        "model": "admin.logentry",
        "pk": 100,
        "fields": {
            "action_time": "2021-06-22T18:07:29.132Z",
            "user": 1,
            "content_type": 10,
            "object_id": "1",
            "object_repr": "modes object (1)",
            "action_flag": 1,
            "change_message": "[{\"added\": {}}]"
        }
    },
    {
        "model": "admin.logentry",
        "pk": 101,
        "fields": {
            "action_time": "2021-06-22T18:09:33.670Z",
            "user": 1,
            "content_type": 11,
            "object_id": "1",
            "object_repr": "quiz - 5",
            "action_flag": 1,
            "change_message": "[{\"added\": {}}]"
        }
    },
    {
        "model": "admin.logentry",
        "pk": 102,
        "fields": {
            "action_time": "2021-06-22T18:55:54.288Z",
            "user": 1,
            "content_type": 14,
            "object_id": "2",
            "object_repr": "first quiz Aman",
            "action_flag": 1,
            "change_message": "[{\"added\": {}}]"
        }
    },
    {
        "model": "admin.logentry",
        "pk": 103,
        "fields": {
            "action_time": "2021-06-22T19:16:34.364Z",
            "user": 1,
            "content_type": 14,
            "object_id": "3",
            "object_repr": "second quiz Aniket",
            "action_flag": 1,
            "change_message": "[{\"added\": {}}]"
        }
    },
    {
        "model": "admin.logentry",
        "pk": 104,
        "fields": {
            "action_time": "2021-06-22T19:16:56.131Z",
            "user": 1,
            "content_type": 14,
            "object_id": "4",
            "object_repr": "third quiz Aniket",
            "action_flag": 1,
            "change_message": "[{\"added\": {}}]"
        }
    },
    {
        "model": "admin.logentry",
        "pk": 105,
        "fields": {
            "action_time": "2021-06-23T03:19:15.083Z",
            "user": 1,
            "content_type": 14,
            "object_id": "1",
            "object_repr": "first quiz Aniket",
            "action_flag": 2,
            "change_message": "[{\"changed\": {\"fields\": [\"Marks\"]}}]"
        }
    },
    {
        "model": "admin.logentry",
        "pk": 106,
        "fields": {
            "action_time": "2021-06-23T03:19:23.736Z",
            "user": 1,
            "content_type": 14,
            "object_id": "3",
            "object_repr": "second quiz Aniket",
            "action_flag": 2,
            "change_message": "[]"
        }
    },
    {
        "model": "admin.logentry",
        "pk": 107,
        "fields": {
            "action_time": "2021-06-23T03:19:30.230Z",
            "user": 1,
            "content_type": 14,
            "object_id": "4",
            "object_repr": "third quiz Aniket",
            "action_flag": 2,
            "change_message": "[]"
        }
    },
    {
        "model": "admin.logentry",
        "pk": 108,
        "fields": {
            "action_time": "2021-06-23T04:36:37.811Z",
            "user": 1,
            "content_type": 10,
            "object_id": "2",
            "object_repr": "Home Assignment",
            "action_flag": 1,
            "change_message": "[{\"added\": {}}]"
        }
    },
    {
        "model": "admin.logentry",
        "pk": 109,
        "fields": {
            "action_time": "2021-06-23T04:36:58.195Z",
            "user": 1,
            "content_type": 11,
            "object_id": "2",
            "object_repr": "Home Assignment - 5%",
            "action_flag": 1,
            "change_message": "[{\"added\": {}}]"
        }
    },
    {
        "model": "admin.logentry",
        "pk": 110,
        "fields": {
            "action_time": "2021-06-23T04:37:08.263Z",
            "user": 1,
            "content_type": 10,
            "object_id": "3",
            "object_repr": "Class Assignment",
            "action_flag": 1,
            "change_message": "[{\"added\": {}}]"
        }
    },
    {
        "model": "admin.logentry",
        "pk": 111,
        "fields": {
            "action_time": "2021-06-23T04:37:18.965Z",
            "user": 1,
            "content_type": 11,
            "object_id": "3",
            "object_repr": "Class Assignment - 10%",
            "action_flag": 1,
            "change_message": "[{\"added\": {}}]"
        }
    },
    {
        "model": "admin.logentry",
        "pk": 112,
        "fields": {
            "action_time": "2021-06-23T04:55:07.905Z",
            "user": 1,
            "content_type": 16,
            "object_id": "6",
            "object_repr": "assignment twointroduction to c programming Aniket",
            "action_flag": 1,
            "change_message": "[{\"added\": {}}]"
        }
    },
    {
        "model": "admin.logentry",
        "pk": 113,
        "fields": {
            "action_time": "2021-06-23T05:04:36.599Z",
            "user": 1,
            "content_type": 16,
            "object_id": "5",
            "object_repr": "Test Assignmentintroduction to golang Aman",
            "action_flag": 3,
            "change_message": ""
        }
    },
    {
        "model": "admin.logentry",
        "pk": 114,
        "fields": {
            "action_time": "2021-06-23T05:04:36.699Z",
            "user": 1,
            "content_type": 16,
            "object_id": "4",
            "object_repr": "test 2 assignmentComputer Networks Devesh",
            "action_flag": 3,
            "change_message": ""
        }
    },
    {
        "model": "admin.logentry",
        "pk": 115,
        "fields": {
            "action_time": "2021-06-23T05:04:36.793Z",
            "user": 1,
            "content_type": 16,
            "object_id": "3",
            "object_repr": "Test Assignmentintroduction to golang Aniket",
            "action_flag": 3,
            "change_message": ""
        }
    },
    {
        "model": "auth.permission",
        "pk": 1,
        "fields": {
            "name": "Can add employee",
            "content_type": 1,
            "codename": "add_employee"
        }
    },
    {
        "model": "auth.permission",
        "pk": 2,
        "fields": {
            "name": "Can change employee",
            "content_type": 1,
            "codename": "change_employee"
        }
    },
    {
        "model": "auth.permission",
        "pk": 3,
        "fields": {
            "name": "Can delete employee",
            "content_type": 1,
            "codename": "delete_employee"
        }
    },
    {
        "model": "auth.permission",
        "pk": 4,
        "fields": {
            "name": "Can view employee",
            "content_type": 1,
            "codename": "view_employee"
        }
    },
    {
        "model": "auth.permission",
        "pk": 5,
        "fields": {
            "name": "Can add stud_details",
            "content_type": 2,
            "codename": "add_stud_details"
        }
    },
    {
        "model": "auth.permission",
        "pk": 6,
        "fields": {
            "name": "Can change stud_details",
            "content_type": 2,
            "codename": "change_stud_details"
        }
    },
    {
        "model": "auth.permission",
        "pk": 7,
        "fields": {
            "name": "Can delete stud_details",
            "content_type": 2,
            "codename": "delete_stud_details"
        }
    },
    {
        "model": "auth.permission",
        "pk": 8,
        "fields": {
            "name": "Can view stud_details",
            "content_type": 2,
            "codename": "view_stud_details"
        }
    },
    {
        "model": "auth.permission",
        "pk": 9,
        "fields": {
            "name": "Can add school",
            "content_type": 3,
            "codename": "add_school"
        }
    },
    {
        "model": "auth.permission",
        "pk": 10,
        "fields": {
            "name": "Can change school",
            "content_type": 3,
            "codename": "change_school"
        }
    },
    {
        "model": "auth.permission",
        "pk": 11,
        "fields": {
            "name": "Can delete school",
            "content_type": 3,
            "codename": "delete_school"
        }
    },
    {
        "model": "auth.permission",
        "pk": 12,
        "fields": {
            "name": "Can view school",
            "content_type": 3,
            "codename": "view_school"
        }
    },
    {
        "model": "auth.permission",
        "pk": 13,
        "fields": {
            "name": "Can add program",
            "content_type": 4,
            "codename": "add_program"
        }
    },
    {
        "model": "auth.permission",
        "pk": 14,
        "fields": {
            "name": "Can change program",
            "content_type": 4,
            "codename": "change_program"
        }
    },
    {
        "model": "auth.permission",
        "pk": 15,
        "fields": {
            "name": "Can delete program",
            "content_type": 4,
            "codename": "delete_program"
        }
    },
    {
        "model": "auth.permission",
        "pk": 16,
        "fields": {
            "name": "Can view program",
            "content_type": 4,
            "codename": "view_program"
        }
    },
    {
        "model": "auth.permission",
        "pk": 17,
        "fields": {
            "name": "Can add subjects",
            "content_type": 5,
            "codename": "add_subjects"
        }
    },
    {
        "model": "auth.permission",
        "pk": 18,
        "fields": {
            "name": "Can change subjects",
            "content_type": 5,
            "codename": "change_subjects"
        }
    },
    {
        "model": "auth.permission",
        "pk": 19,
        "fields": {
            "name": "Can delete subjects",
            "content_type": 5,
            "codename": "delete_subjects"
        }
    },
    {
        "model": "auth.permission",
        "pk": 20,
        "fields": {
            "name": "Can view subjects",
            "content_type": 5,
            "codename": "view_subjects"
        }
    },
    {
        "model": "auth.permission",
        "pk": 21,
        "fields": {
            "name": "Can add lecture enrollment",
            "content_type": 6,
            "codename": "add_lectureenrollment"
        }
    },
    {
        "model": "auth.permission",
        "pk": 22,
        "fields": {
            "name": "Can change lecture enrollment",
            "content_type": 6,
            "codename": "change_lectureenrollment"
        }
    },
    {
        "model": "auth.permission",
        "pk": 23,
        "fields": {
            "name": "Can delete lecture enrollment",
            "content_type": 6,
            "codename": "delete_lectureenrollment"
        }
    },
    {
        "model": "auth.permission",
        "pk": 24,
        "fields": {
            "name": "Can view lecture enrollment",
            "content_type": 6,
            "codename": "view_lectureenrollment"
        }
    },
    {
        "model": "auth.permission",
        "pk": 25,
        "fields": {
            "name": "Can add faculty",
            "content_type": 7,
            "codename": "add_faculty"
        }
    },
    {
        "model": "auth.permission",
        "pk": 26,
        "fields": {
            "name": "Can change faculty",
            "content_type": 7,
            "codename": "change_faculty"
        }
    },
    {
        "model": "auth.permission",
        "pk": 27,
        "fields": {
            "name": "Can delete faculty",
            "content_type": 7,
            "codename": "delete_faculty"
        }
    },
    {
        "model": "auth.permission",
        "pk": 28,
        "fields": {
            "name": "Can view faculty",
            "content_type": 7,
            "codename": "view_faculty"
        }
    },
    {
        "model": "auth.permission",
        "pk": 29,
        "fields": {
            "name": "Can add department",
            "content_type": 8,
            "codename": "add_department"
        }
    },
    {
        "model": "auth.permission",
        "pk": 30,
        "fields": {
            "name": "Can change department",
            "content_type": 8,
            "codename": "change_department"
        }
    },
    {
        "model": "auth.permission",
        "pk": 31,
        "fields": {
            "name": "Can delete department",
            "content_type": 8,
            "codename": "delete_department"
        }
    },
    {
        "model": "auth.permission",
        "pk": 32,
        "fields": {
            "name": "Can view department",
            "content_type": 8,
            "codename": "view_department"
        }
    },
    {
        "model": "auth.permission",
        "pk": 33,
        "fields": {
            "name": "Can add temp lectures",
            "content_type": 9,
            "codename": "add_templectures"
        }
    },
    {
        "model": "auth.permission",
        "pk": 34,
        "fields": {
            "name": "Can change temp lectures",
            "content_type": 9,
            "codename": "change_templectures"
        }
    },
    {
        "model": "auth.permission",
        "pk": 35,
        "fields": {
            "name": "Can delete temp lectures",
            "content_type": 9,
            "codename": "delete_templectures"
        }
    },
    {
        "model": "auth.permission",
        "pk": 36,
        "fields": {
            "name": "Can view temp lectures",
            "content_type": 9,
            "codename": "view_templectures"
        }
    },
    {
        "model": "auth.permission",
        "pk": 37,
        "fields": {
            "name": "Can add modes",
            "content_type": 10,
            "codename": "add_modes"
        }
    },
    {
        "model": "auth.permission",
        "pk": 38,
        "fields": {
            "name": "Can change modes",
            "content_type": 10,
            "codename": "change_modes"
        }
    },
    {
        "model": "auth.permission",
        "pk": 39,
        "fields": {
            "name": "Can delete modes",
            "content_type": 10,
            "codename": "delete_modes"
        }
    },
    {
        "model": "auth.permission",
        "pk": 40,
        "fields": {
            "name": "Can view modes",
            "content_type": 10,
            "codename": "view_modes"
        }
    },
    {
        "model": "auth.permission",
        "pk": 41,
        "fields": {
            "name": "Can add weightage",
            "content_type": 11,
            "codename": "add_weightage"
        }
    },
    {
        "model": "auth.permission",
        "pk": 42,
        "fields": {
            "name": "Can change weightage",
            "content_type": 11,
            "codename": "change_weightage"
        }
    },
    {
        "model": "auth.permission",
        "pk": 43,
        "fields": {
            "name": "Can delete weightage",
            "content_type": 11,
            "codename": "delete_weightage"
        }
    },
    {
        "model": "auth.permission",
        "pk": 44,
        "fields": {
            "name": "Can view weightage",
            "content_type": 11,
            "codename": "view_weightage"
        }
    },
    {
        "model": "auth.permission",
        "pk": 45,
        "fields": {
            "name": "Can add quiz info",
            "content_type": 12,
            "codename": "add_quizinfo"
        }
    },
    {
        "model": "auth.permission",
        "pk": 46,
        "fields": {
            "name": "Can change quiz info",
            "content_type": 12,
            "codename": "change_quizinfo"
        }
    },
    {
        "model": "auth.permission",
        "pk": 47,
        "fields": {
            "name": "Can delete quiz info",
            "content_type": 12,
            "codename": "delete_quizinfo"
        }
    },
    {
        "model": "auth.permission",
        "pk": 48,
        "fields": {
            "name": "Can view quiz info",
            "content_type": 12,
            "codename": "view_quizinfo"
        }
    },
    {
        "model": "auth.permission",
        "pk": 49,
        "fields": {
            "name": "Can add quiz questions",
            "content_type": 13,
            "codename": "add_quizquestions"
        }
    },
    {
        "model": "auth.permission",
        "pk": 50,
        "fields": {
            "name": "Can change quiz questions",
            "content_type": 13,
            "codename": "change_quizquestions"
        }
    },
    {
        "model": "auth.permission",
        "pk": 51,
        "fields": {
            "name": "Can delete quiz questions",
            "content_type": 13,
            "codename": "delete_quizquestions"
        }
    },
    {
        "model": "auth.permission",
        "pk": 52,
        "fields": {
            "name": "Can view quiz questions",
            "content_type": 13,
            "codename": "view_quizquestions"
        }
    },
    {
        "model": "auth.permission",
        "pk": 53,
        "fields": {
            "name": "Can add quiz grades",
            "content_type": 14,
            "codename": "add_quizgrades"
        }
    },
    {
        "model": "auth.permission",
        "pk": 54,
        "fields": {
            "name": "Can change quiz grades",
            "content_type": 14,
            "codename": "change_quizgrades"
        }
    },
    {
        "model": "auth.permission",
        "pk": 55,
        "fields": {
            "name": "Can delete quiz grades",
            "content_type": 14,
            "codename": "delete_quizgrades"
        }
    },
    {
        "model": "auth.permission",
        "pk": 56,
        "fields": {
            "name": "Can view quiz grades",
            "content_type": 14,
            "codename": "view_quizgrades"
        }
    },
    {
        "model": "auth.permission",
        "pk": 57,
        "fields": {
            "name": "Can add assignment",
            "content_type": 15,
            "codename": "add_assignment"
        }
    },
    {
        "model": "auth.permission",
        "pk": 58,
        "fields": {
            "name": "Can change assignment",
            "content_type": 15,
            "codename": "change_assignment"
        }
    },
    {
        "model": "auth.permission",
        "pk": 59,
        "fields": {
            "name": "Can delete assignment",
            "content_type": 15,
            "codename": "delete_assignment"
        }
    },
    {
        "model": "auth.permission",
        "pk": 60,
        "fields": {
            "name": "Can view assignment",
            "content_type": 15,
            "codename": "view_assignment"
        }
    },
    {
        "model": "auth.permission",
        "pk": 61,
        "fields": {
            "name": "Can add assignment submission",
            "content_type": 16,
            "codename": "add_assignmentsubmission"
        }
    },
    {
        "model": "auth.permission",
        "pk": 62,
        "fields": {
            "name": "Can change assignment submission",
            "content_type": 16,
            "codename": "change_assignmentsubmission"
        }
    },
    {
        "model": "auth.permission",
        "pk": 63,
        "fields": {
            "name": "Can delete assignment submission",
            "content_type": 16,
            "codename": "delete_assignmentsubmission"
        }
    },
    {
        "model": "auth.permission",
        "pk": 64,
        "fields": {
            "name": "Can view assignment submission",
            "content_type": 16,
            "codename": "view_assignmentsubmission"
        }
    },
    {
        "model": "auth.permission",
        "pk": 65,
        "fields": {
            "name": "Can add attendance",
            "content_type": 17,
            "codename": "add_attendance"
        }
    },
    {
        "model": "auth.permission",
        "pk": 66,
        "fields": {
            "name": "Can change attendance",
            "content_type": 17,
            "codename": "change_attendance"
        }
    },
    {
        "model": "auth.permission",
        "pk": 67,
        "fields": {
            "name": "Can delete attendance",
            "content_type": 17,
            "codename": "delete_attendance"
        }
    },
    {
        "model": "auth.permission",
        "pk": 68,
        "fields": {
            "name": "Can view attendance",
            "content_type": 17,
            "codename": "view_attendance"
        }
    },
    {
        "model": "auth.permission",
        "pk": 69,
        "fields": {
            "name": "Can add lecture record",
            "content_type": 18,
            "codename": "add_lecturerecord"
        }
    },
    {
        "model": "auth.permission",
        "pk": 70,
        "fields": {
            "name": "Can change lecture record",
            "content_type": 18,
            "codename": "change_lecturerecord"
        }
    },
    {
        "model": "auth.permission",
        "pk": 71,
        "fields": {
            "name": "Can delete lecture record",
            "content_type": 18,
            "codename": "delete_lecturerecord"
        }
    },
    {
        "model": "auth.permission",
        "pk": 72,
        "fields": {
            "name": "Can view lecture record",
            "content_type": 18,
            "codename": "view_lecturerecord"
        }
    },
    {
        "model": "auth.permission",
        "pk": 73,
        "fields": {
            "name": "Can add log entry",
            "content_type": 19,
            "codename": "add_logentry"
        }
    },
    {
        "model": "auth.permission",
        "pk": 74,
        "fields": {
            "name": "Can change log entry",
            "content_type": 19,
            "codename": "change_logentry"
        }
    },
    {
        "model": "auth.permission",
        "pk": 75,
        "fields": {
            "name": "Can delete log entry",
            "content_type": 19,
            "codename": "delete_logentry"
        }
    },
    {
        "model": "auth.permission",
        "pk": 76,
        "fields": {
            "name": "Can view log entry",
            "content_type": 19,
            "codename": "view_logentry"
        }
    },
    {
        "model": "auth.permission",
        "pk": 77,
        "fields": {
            "name": "Can add permission",
            "content_type": 20,
            "codename": "add_permission"
        }
    },
    {
        "model": "auth.permission",
        "pk": 78,
        "fields": {
            "name": "Can change permission",
            "content_type": 20,
            "codename": "change_permission"
        }
    },
    {
        "model": "auth.permission",
        "pk": 79,
        "fields": {
            "name": "Can delete permission",
            "content_type": 20,
            "codename": "delete_permission"
        }
    },
    {
        "model": "auth.permission",
        "pk": 80,
        "fields": {
            "name": "Can view permission",
            "content_type": 20,
            "codename": "view_permission"
        }
    },
    {
        "model": "auth.permission",
        "pk": 81,
        "fields": {
            "name": "Can add group",
            "content_type": 21,
            "codename": "add_group"
        }
    },
    {
        "model": "auth.permission",
        "pk": 82,
        "fields": {
            "name": "Can change group",
            "content_type": 21,
            "codename": "change_group"
        }
    },
    {
        "model": "auth.permission",
        "pk": 83,
        "fields": {
            "name": "Can delete group",
            "content_type": 21,
            "codename": "delete_group"
        }
    },
    {
        "model": "auth.permission",
        "pk": 84,
        "fields": {
            "name": "Can view group",
            "content_type": 21,
            "codename": "view_group"
        }
    },
    {
        "model": "auth.permission",
        "pk": 85,
        "fields": {
            "name": "Can add user",
            "content_type": 22,
            "codename": "add_user"
        }
    },
    {
        "model": "auth.permission",
        "pk": 86,
        "fields": {
            "name": "Can change user",
            "content_type": 22,
            "codename": "change_user"
        }
    },
    {
        "model": "auth.permission",
        "pk": 87,
        "fields": {
            "name": "Can delete user",
            "content_type": 22,
            "codename": "delete_user"
        }
    },
    {
        "model": "auth.permission",
        "pk": 88,
        "fields": {
            "name": "Can view user",
            "content_type": 22,
            "codename": "view_user"
        }
    },
    {
        "model": "auth.permission",
        "pk": 89,
        "fields": {
            "name": "Can add content type",
            "content_type": 23,
            "codename": "add_contenttype"
        }
    },
    {
        "model": "auth.permission",
        "pk": 90,
        "fields": {
            "name": "Can change content type",
            "content_type": 23,
            "codename": "change_contenttype"
        }
    },
    {
        "model": "auth.permission",
        "pk": 91,
        "fields": {
            "name": "Can delete content type",
            "content_type": 23,
            "codename": "delete_contenttype"
        }
    },
    {
        "model": "auth.permission",
        "pk": 92,
        "fields": {
            "name": "Can view content type",
            "content_type": 23,
            "codename": "view_contenttype"
        }
    },
    {
        "model": "auth.permission",
        "pk": 93,
        "fields": {
            "name": "Can add session",
            "content_type": 24,
            "codename": "add_session"
        }
    },
    {
        "model": "auth.permission",
        "pk": 94,
        "fields": {
            "name": "Can change session",
            "content_type": 24,
            "codename": "change_session"
        }
    },
    {
        "model": "auth.permission",
        "pk": 95,
        "fields": {
            "name": "Can delete session",
            "content_type": 24,
            "codename": "delete_session"
        }
    },
    {
        "model": "auth.permission",
        "pk": 96,
        "fields": {
            "name": "Can view session",
            "content_type": 24,
            "codename": "view_session"
        }
    },
    {
        "model": "auth.permission",
        "pk": 97,
        "fields": {
            "name": "Can add Token",
            "content_type": 25,
            "codename": "add_token"
        }
    },
    {
        "model": "auth.permission",
        "pk": 98,
        "fields": {
            "name": "Can change Token",
            "content_type": 25,
            "codename": "change_token"
        }
    },
    {
        "model": "auth.permission",
        "pk": 99,
        "fields": {
            "name": "Can delete Token",
            "content_type": 25,
            "codename": "delete_token"
        }
    },
    {
        "model": "auth.permission",
        "pk": 100,
        "fields": {
            "name": "Can view Token",
            "content_type": 25,
            "codename": "view_token"
        }
    },
    {
        "model": "auth.permission",
        "pk": 101,
        "fields": {
            "name": "Can add token",
            "content_type": 26,
            "codename": "add_tokenproxy"
        }
    },
    {
        "model": "auth.permission",
        "pk": 102,
        "fields": {
            "name": "Can change token",
            "content_type": 26,
            "codename": "change_tokenproxy"
        }
    },
    {
        "model": "auth.permission",
        "pk": 103,
        "fields": {
            "name": "Can delete token",
            "content_type": 26,
            "codename": "delete_tokenproxy"
        }
    },
    {
        "model": "auth.permission",
        "pk": 104,
        "fields": {
            "name": "Can view token",
            "content_type": 26,
            "codename": "view_tokenproxy"
        }
    },
    {
        "model": "auth.group",
        "pk": 1,
        "fields": {
            "name": "HOD",
            "permissions": []
        }
    },
    {
        "model": "auth.group",
        "pk": 2,
        "fields": {
            "name": "STUDENT",
            "permissions": []
        }
    },
    {
        "model": "auth.group",
        "pk": 3,
        "fields": {
            "name": "FACULTY",
            "permissions": []
        }
    },
    {
        "model": "auth.group",
        "pk": 4,
        "fields": {
            "name": "COE",
            "permissions": []
        }
    },
    {
        "model": "auth.user",
        "pk": 1,
        "fields": {
            "password": "pbkdf2_sha256$260000$KS3j9fruqKpX8UT3cl6YjI$EzRpiShXqO9XBywIxJnfc5317a5hSs/9F5XQJAhiBYQ=",
            "last_login": "2021-06-23T18:38:08.318Z",
            "is_superuser": true,
            "username": "admin",
            "first_name": "",
            "last_name": "",
            "email": "admin@admin.com",
            "is_staff": true,
            "is_active": true,
            "date_joined": "2021-05-26T08:12:46.214Z",
            "groups": [],
            "user_permissions": []
        }
    },
    {
        "model": "auth.user",
        "pk": 2,
        "fields": {
            "password": "pbkdf2_sha256$260000$SMxUUXb28HBRMWflGzBAYS$tCLH7fwzgT5MA0bPwgmJkMfd/TT4ozGmUcxchwIFpBw=",
            "last_login": "2021-06-14T04:54:34.204Z",
            "is_superuser": false,
            "username": "mukesh.kalla@spsu.ac.in",
            "first_name": "mukesh",
            "last_name": "kalla",
            "email": "mukesh.kalla@spsu.ac.in",
            "is_staff": false,
            "is_active": true,
            "date_joined": "2021-05-26T08:35:46Z",
            "groups": [
                1
            ],
            "user_permissions": []
        }
    },
    {
        "model": "auth.user",
        "pk": 3,
        "fields": {
            "password": "pbkdf2_sha256$260000$L1ZBcpmo77zHYPERzgavBR$tMhG8bvO4qiE9EgnJCkdACW8hDjzRo1BBSSdQlN7Jpc=",
            "last_login": "2021-06-23T04:56:22.076Z",
            "is_superuser": false,
            "username": "aniket.vyas@spsu.ac.in",
            "first_name": "Aniket",
            "last_name": "Vyas",
            "email": "",
            "is_staff": false,
            "is_active": true,
            "date_joined": "2021-05-26T08:36:28Z",
            "groups": [
                2
            ],
            "user_permissions": []
        }
    },
    {
        "model": "auth.user",
        "pk": 4,
        "fields": {
            "password": "pbkdf2_sha256$260000$OZ44liplrCoOEAf7jdDTkO$KeU90daX3U/ZIjLDdeQrmLUiY2kiA8y+HBb3F1seNPI=",
            "last_login": "2021-06-16T08:19:31.123Z",
            "is_superuser": false,
            "username": "harish.tiwari@spsu.ac.in",
            "first_name": "Harish",
            "last_name": "Tiwari",
            "email": "harish.tiwari@spsu.ac.in",
            "is_staff": false,
            "is_active": true,
            "date_joined": "2021-05-26T08:37:03Z",
            "groups": [
                3
            ],
            "user_permissions": []
        }
    },
    {
        "model": "auth.user",
        "pk": 5,
        "fields": {
            "password": "pbkdf2_sha256$260000$u8t08hhZfWBIT7hwBPzjyC$qoytcCl4fbGrvUDUk4cnE/oCrEKbBI6ZEwY+TlO673Q=",
            "last_login": "2021-06-23T04:55:44.853Z",
            "is_superuser": false,
            "username": "poonam.saini@spsu.ac.in",
            "first_name": "poonam",
            "last_name": "saini",
            "email": "poonam.saini@spsu.ac.in",
            "is_staff": false,
            "is_active": true,
            "date_joined": "2021-05-26T08:37:54Z",
            "groups": [
                3
            ],
            "user_permissions": []
        }
    },
    {
        "model": "auth.user",
        "pk": 6,
        "fields": {
            "password": "pbkdf2_sha256$260000$1q9KfPuJyN2AfLX83C3LJi$wh1MbNxJFNofuIltCabL8jMJhfFjnQJHAyad/hIbHeE=",
            "last_login": "2021-06-16T04:23:08.387Z",
            "is_superuser": false,
            "username": "aman.ojha@spsu.ac.in",
            "first_name": "Aman",
            "last_name": "Ojha",
            "email": "aman.ojha@gmail.com",
            "is_staff": false,
            "is_active": true,
            "date_joined": "2021-05-30T18:13:04Z",
            "groups": [
                2
            ],
            "user_permissions": []
        }
    },
    {
        "model": "auth.user",
        "pk": 7,
        "fields": {
            "password": "pbkdf2_sha256$260000$a7yj1qZuMvYtU5x1YFrQdv$9PGPV9X1hpdZarHiMUggaFQrOi4Tcc9aIwQXPARvLr8=",
            "last_login": "2021-06-15T14:57:44.118Z",
            "is_superuser": false,
            "username": "devesh.ranjan@spsu.ac.in",
            "first_name": "devesh",
            "last_name": "ranjan",
            "email": "devesh@gmail.com",
            "is_staff": false,
            "is_active": true,
            "date_joined": "2021-06-14T05:08:18Z",
            "groups": [
                2
            ],
            "user_permissions": []
        }
    },
    {
        "model": "auth.user",
        "pk": 8,
        "fields": {
            "password": "pbkdf2_sha256$260000$eGy32VAx4EC3BpMYF1iG6J$dqag0UvlJMVXdmkA5ugWCYHR2G6KEPL22xkpDXqC68M=",
            "last_login": "2021-06-23T18:28:01.571Z",
            "is_superuser": false,
            "username": "coe@spsu.ac.in",
            "first_name": "om Prakash",
            "last_name": "Suwalka",
            "email": "op@gmail.com",
            "is_staff": false,
            "is_active": true,
            "date_joined": "2021-06-14T05:19:29Z",
            "groups": [
                4
            ],
            "user_permissions": []
        }
    },
    {
        "model": "auth.user",
        "pk": 9,
        "fields": {
            "password": "pbkdf2_sha256$260000$Dk2mBHqNTvY6iBYuRY0wkb$ECn9ZPqIdqhywwqo6l7OqsWy+nw4uZaObJl7HvTOaCs=",
            "last_login": "2021-06-16T09:02:29.169Z",
            "is_superuser": false,
            "username": "naveen.kumar@spsu.ac.in",
            "first_name": "Naveen",
            "last_name": "Kumar",
            "email": "naveen.kumar@gmail.com",
            "is_staff": false,
            "is_active": true,
            "date_joined": "2021-06-16T09:01:50Z",
            "groups": [
                1
            ],
            "user_permissions": []
        }
    },
    {
        "model": "auth.user",
        "pk": 10,
        "fields": {
            "password": "pbkdf2_sha256$260000$qbitpDQDI6XkY5c1EaG02V$U+ZUr5ptXSaC0Kfh64Fmoa4i2rLT+e0zaa8btHLC1XU=",
            "last_login": "2021-06-16T09:27:08.198Z",
            "is_superuser": false,
            "username": "kunal.bohra@spsu.ac.in",
            "first_name": "Kunal",
            "last_name": "Bohra",
            "email": "kunal@gmail.com",
            "is_staff": false,
            "is_active": true,
            "date_joined": "2021-06-16T09:07:50Z",
            "groups": [
                2
            ],
            "user_permissions": []
        }
    },
    {
        "model": "auth.user",
        "pk": 11,
        "fields": {
            "password": "pbkdf2_sha256$260000$wrvdkHatpt45mQLw4FM5Fv$nGn6GRdzynMowlVTszrMRX1eVfRgmnBI5qkcF7abHCo=",
            "last_login": "2021-06-16T09:26:18.266Z",
            "is_superuser": false,
            "username": "lalit.yadav@spsu.ac.in",
            "first_name": "lalit",
            "last_name": "yadav",
            "email": "lalit.yadav@gmail.com",
            "is_staff": false,
            "is_active": true,
            "date_joined": "2021-06-16T09:09:27Z",
            "groups": [
                3
            ],
            "user_permissions": []
        }
    },
    {
        "model": "sessions.session",
        "pk": "1wz9puspa86a7nwac3dydntlgdkastj2",
        "fields": {
            "session_data": ".eJxVjMsOwiAQRf-FtSE8BVy67zeQGZhK1UBS2pXx35WkC93d3HNyXizCvpW4d1rjktmFSXb6_RDSg-oA-Q711nhqdVsX5EPhB-18apme18P9CxToZWTRoScdREBF32W1SM6DspKyDB6SO0vUxokAlLPRykCwDtUsEGm2mr0_4R83_g:1lsep9:dZDbL5scnZcwszuoRyLfSGVbumdF-X6_SZry2N3tiNA",
            "expire_date": "2021-06-28T05:07:47.241Z"
        }
    },
    {
        "model": "sessions.session",
        "pk": "25xi4uind75tu4idwqd3yd1ihn406rs9",
        "fields": {
            "session_data": ".eJxVjMsOwiAQRf-FtSE8BVy67zeQGZhK1UBS2pXx35WkC93d3HNyXizCvpW4d1rjktmFSXb6_RDSg-oA-Q711nhqdVsX5EPhB-18apme18P9CxToZWTRoScdREBF32W1SM6DspKyDB6SO0vUxokAlLPRykCwDtUsEGm2mr0_4R83_g:1lvtPh:x02WTYAFt0xXuQY1SPug7lZ3k9NG0jb2QbjQk8fTTic",
            "expire_date": "2021-07-07T03:18:53.844Z"
        }
    },
    {
        "model": "sessions.session",
        "pk": "52bjedssj3vbbwd594cl31pt590ehh6r",
        "fields": {
            "session_data": ".eJxVjMsOwiAQRf-FtSE8BVy67zeQGZhK1UBS2pXx35WkC93d3HNyXizCvpW4d1rjktmFSXb6_RDSg-oA-Q711nhqdVsX5EPhB-18apme18P9CxToZWTRoScdREBF32W1SM6DspKyDB6SO0vUxokAlLPRykCwDtUsEGm2mr0_4R83_g:1llp3l:8dJDvu6JO7ZLBkdbKx0PfoJ2Qw3TKBUFNH4t3cnlI8s",
            "expire_date": "2021-06-09T08:38:37.936Z"
        }
    },
    {
        "model": "sessions.session",
        "pk": "75p8eiv6cobxyakqkuh5nltajh48jvjo",
        "fields": {
            "session_data": ".eJxVjDsOwjAQBe_iGln-e0NJnzNY9u6CA8iR4qRC3B0ipYD2zcx7iZS3taat85ImEmcB4vS7lYwPbjuge263WeLc1mUqclfkQbscZ-Ln5XD_Dmru9VtfnbExsI8QCitDtrBFhdZhsRx1Rg3RMAKQU-QHGtipDKqAhmDQo3h_AOaDN9g:1lvl1b:4zUzKmzhkxdYVoo-QsUZL2ntVHtZtq9hwQL9QPtnG0c",
            "expire_date": "2021-07-06T18:21:27.214Z"
        }
    },
    {
        "model": "sessions.session",
        "pk": "acq97uol779dwawpu4p532aurvrdbf24",
        "fields": {
            "session_data": ".eJxVjMsOwiAQRf-FtSE8BVy67zeQGZhK1UBS2pXx35WkC93d3HNyXizCvpW4d1rjktmFSXb6_RDSg-oA-Q711nhqdVsX5EPhB-18apme18P9CxToZWTRoScdREBF32W1SM6DspKyDB6SO0vUxokAlLPRykCwDtUsEGm2mr0_4R83_g:1lmBb4:USF64WAyQURfC5rMsFCRsw5qGMJrOdGyMT3Ixv37cU8",
            "expire_date": "2021-06-10T08:42:30.293Z"
        }
    },
    {
        "model": "sessions.session",
        "pk": "brlpwfq4ff30osrb6baff4wh5c4eigl2",
        "fields": {
            "session_data": ".eJxVjMsOwiAQRf-FtSE8BVy67zeQGZhK1UBS2pXx35WkC93d3HNyXizCvpW4d1rjktmFSXb6_RDSg-oA-Q711nhqdVsX5EPhB-18apme18P9CxToZWTRoScdREBF32W1SM6DspKyDB6SO0vUxokAlLPRykCwDtUsEGm2mr0_4R83_g:1lpRjv:sHR-eQ3A9Ma1XboKqIZ2Jeo9anZJDLV4QLkttABUlag",
            "expire_date": "2021-06-19T08:33:07.289Z"
        }
    },
    {
        "model": "sessions.session",
        "pk": "c565y7043jfb0g8930gl2fl8pyz7197s",
        "fields": {
            "session_data": ".eJxVjEEOwiAQRe_C2hBKYQSX7nsGMgODVA0kpV0Z765NutDtf-_9lwi4rSVsnZcwJ3ERRpx-N8L44LqDdMd6azK2ui4zyV2RB-1yaomf18P9OyjYy7c-R8oeyICN2mWdsh8BcKSULI0D5wzKKzYenEUi9k676KwCHbUZWBnx_gD4ozfn:1lo44c:54grgO7qzRsim8UjXRfyMufUw4lZXnQ9-nTDn3H3XG8",
            "expire_date": "2021-06-15T13:04:46.558Z"
        }
    },
    {
        "model": "sessions.session",
        "pk": "d8jn97ath3i392z62gntbjk2tbe1vnz8",
        "fields": {
            "session_data": ".eJxVjMsOwiAQRf-FtSE8BVy67zeQGZhK1UBS2pXx35WkC93d3HNyXizCvpW4d1rjktmFSXb6_RDSg-oA-Q711nhqdVsX5EPhB-18apme18P9CxToZWTRoScdREBF32W1SM6DspKyDB6SO0vUxokAlLPRykCwDtUsEGm2mr0_4R83_g:1lw7lI:kpiNVW6Mwzx8Y869KwvmIKKfzaNZosu3eGCG_aJ7HIU",
            "expire_date": "2021-07-07T18:38:08.417Z"
        }
    },
    {
        "model": "sessions.session",
        "pk": "jt38giasiyhke2vv8fo1eg36bbnktz2d",
        "fields": {
            "session_data": ".eJxVjEEOgjAQRe_StWmGyjCtS_ecgbQzU0FNSSisjHdXEha6_e-9_zJD3NZx2KouwyTmYhowp98xRX5o2YncY7nNlueyLlOyu2IPWm0_iz6vh_t3MMY6fusgCVG75AhZE0UPSGcE8OTaxISEDsh3WUG4dSwkmnPbeMqegwY17w_7Azgk:1ltRpE:Ac05iaXDStwtMZMIvFkfOgOErFzzDquZZyN4QFLAMfw",
            "expire_date": "2021-06-30T09:27:08.276Z"
        }
    },
    {
        "model": "sessions.session",
        "pk": "jz7wlwmhrmjt9p5tqkyuuesua1s7078v",
        "fields": {
            "session_data": ".eJxVjMsOwiAQRf-FtSE8BVy67zeQGZhK1UBS2pXx35WkC93d3HNyXizCvpW4d1rjktmFSXb6_RDSg-oA-Q711nhqdVsX5EPhB-18apme18P9CxToZWTRoScdREBF32W1SM6DspKyDB6SO0vUxokAlLPRykCwDtUsEGm2mr0_4R83_g:1lmG10:a9GD8JNsx6orv5Kia3MN-J6WnycyDKGoi0sFDrrLf8Q",
            "expire_date": "2021-06-10T13:25:34.933Z"
        }
    },
    {
        "model": "sessions.session",
        "pk": "ln1psk9sep44um93llu0mfwpxurieu0c",
        "fields": {
            "session_data": ".eJxVjDsOwjAQBe_iGllk_aek5wzW2rvBAWRLcVIh7k4ipYB2Zt57i4jrUuLaeY4TiYsAcfplCfOT6y7ogfXeZG51mack90QetstbI35dj_bvoGAv25qdUZAQnLdncph4TEGhUV4bHyzgkJksjhkUk6FgebAAzvgNa60BxOcL6gE33A:1lsUaw:P6d9rFDPSz-VCpdkje0v0Qox_esa9OPpzXsE3ujDnW0",
            "expire_date": "2021-06-27T18:12:26.179Z"
        }
    },
    {
        "model": "sessions.session",
        "pk": "m6rllf9oyj3u54toqyjeemlrxcbvfred",
        "fields": {
            "session_data": ".eJxVjEEOwiAQRe_C2hBKYQSX7nsGMgODVA0kpV0Z765NutDtf-_9lwi4rSVsnZcwJ3ERRpx-N8L44LqDdMd6azK2ui4zyV2RB-1yaomf18P9OyjYy7c-R8oeyICN2mWdsh8BcKSULI0D5wzKKzYenEUi9k676KwCHbUZWBnx_gD4ozfn:1lmDFG:AyZoub7uCoBkayMbKPoMA0LyqMytcDlod2exnN2TyAc",
            "expire_date": "2021-06-10T10:28:06.193Z"
        }
    },
    {
        "model": "sessions.session",
        "pk": "nqppkq5tdy1rxivpfrc8p06t5aixfmlx",
        "fields": {
            "session_data": ".eJxVjMsOwiAQRf-FtSE8BVy67zeQGZhK1UBS2pXx35WkC93d3HNyXizCvpW4d1rjktmFSXb6_RDSg-oA-Q711nhqdVsX5EPhB-18apme18P9CxToZWTRoScdREBF32W1SM6DspKyDB6SO0vUxokAlLPRykCwDtUsEGm2mr0_4R83_g:1lvlYW:42ACSIZ6_1dah0c6eFnST0nRiRWe_4xRe4hBpZ3WVG0",
            "expire_date": "2021-07-06T18:55:28.686Z"
        }
    },
    {
        "model": "sessions.session",
        "pk": "pbg5bcg7xp5q8gkmo98vie73g9co7iyi",
        "fields": {
            "session_data": ".eJxVjMsOwiAQRf-FtSE8BVy67zeQGZhK1UBS2pXx35WkC93d3HNyXizCvpW4d1rjktmFSXb6_RDSg-oA-Q711nhqdVsX5EPhB-18apme18P9CxToZWTRoScdREBF32W1SM6DspKyDB6SO0vUxokAlLPRykCwDtUsEGm2mr0_4R83_g:1lnM0t:jayfdR6I267UuSHM2W7eEG9pSzja8vuXwGmtfqrvubg",
            "expire_date": "2021-06-13T14:01:59.985Z"
        }
    },
    {
        "model": "sessions.session",
        "pk": "s90pa6lmkjl2z8ikpc16oy1zhfoct018",
        "fields": {
            "session_data": ".eJxVjMsOwiAQRf-FtSE8BVy67zeQGZhK1UBS2pXx35WkC93d3HNyXizCvpW4d1rjktmFSXb6_RDSg-oA-Q711nhqdVsX5EPhB-18apme18P9CxToZWTRoScdREBF32W1SM6DspKyDB6SO0vUxokAlLPRykCwDtUsEGm2mr0_4R83_g:1ltNkK:dzzjTMbIniY5FHKcccrqvakA-BRUiq53GuWGSUNK-rI",
            "expire_date": "2021-06-30T05:05:48.847Z"
        }
    },
    {
        "model": "sessions.session",
        "pk": "vz0vwixvrnjsidc5g0u0lwpvjae12ota",
        "fields": {
            "session_data": ".eJxVjMsOwiAQRf-FtSE8BVy67zeQGZhK1UBS2pXx35WkC93d3HNyXizCvpW4d1rjktmFSXb6_RDSg-oA-Q711nhqdVsX5EPhB-18apme18P9CxToZWTRoScdREBF32W1SM6DspKyDB6SO0vUxokAlLPRykCwDtUsEGm2mr0_4R83_g:1lltlU:FXCBuutq_99D2ngA-RMS0ULr0GIQX8KD4AB30lRdjZA",
            "expire_date": "2021-06-09T13:40:04.947Z"
        }
    },
    {
        "model": "sessions.session",
        "pk": "x5t6adcd0tnxw3ueqmv49jnc0io1p02i",
        "fields": {
            "session_data": ".eJxVjDsOwjAQBe_iGln-e0NJnzNY9u6CA8iR4qRC3B0ipYD2zcx7iZS3taat85ImEmcB4vS7lYwPbjuge263WeLc1mUqclfkQbscZ-Ln5XD_Dmru9VtfnbExsI8QCitDtrBFhdZhsRx1Rg3RMAKQU-QHGtipDKqAhmDQo3h_AOaDN9g:1ltNWI:sZZ3sefbxSDbkPnTS192esv-aYnnsNFMFeWJ7eOUxn0",
            "expire_date": "2021-06-30T04:51:18.797Z"
        }
    },
    {
        "model": "sessions.session",
        "pk": "yo64svzt022krcxfzy2fclus0q7wko1c",
        "fields": {
            "session_data": ".eJxVjMsOwiAQRf-FtSE8BVy67zeQGZhK1UBS2pXx35WkC93d3HNyXizCvpW4d1rjktmFSXb6_RDSg-oA-Q711nhqdVsX5EPhB-18apme18P9CxToZWTRoScdREBF32W1SM6DspKyDB6SO0vUxokAlLPRykCwDtUsEGm2mr0_4R83_g:1loiRF:YPwpsGqFr9p660rVu1GhBRV1Qh2F0XBRE9duOqLtVGc",
            "expire_date": "2021-06-17T08:10:49.707Z"
        }
    },
    {
        "model": "sessions.session",
        "pk": "zrdh8p3nmdgdsj816gc92szcdq1o66lr",
        "fields": {
            "session_data": ".eJxVjMsOwiAQRf-FtSE8BVy67zeQGZhK1UBS2pXx35WkC93d3HNyXizCvpW4d1rjktmFSXb6_RDSg-oA-Q711nhqdVsX5EPhB-18apme18P9CxToZWTRoScdREBF32W1SM6DspKyDB6SO0vUxokAlLPRykCwDtUsEGm2mr0_4R83_g:1lm7a4:OLK8f4LuiV2LDQbDxPpmTg0qw-ZwdSWx4DYHBtc5few",
            "expire_date": "2021-06-10T04:25:12.097Z"
        }
    },
    {
        "model": "authtoken.token",
        "pk": "ab674e1c8b91600aae7b637210f2b24c50898454",
        "fields": {
            "user": 3,
            "created": "2021-06-03T12:45:21.965Z"
        }
    }
]